Benjamin Young,benjamin.young@hotmail.com,516-686-2042,50581 Elm St,Seattle,TX,97031
John Cano,john.cano@gmail.com,672-886-9716,72522 Main St,Houston,NY,14750
David Stender,david.stender@example.com,951-973-1324,94519 Maple St,Atlanta,WA,89483
Michael Morris,michael.morris@example.com,360-747-4058,83628 Maple St,New York,WA,88668
Anna Herrera,anna.herrera@gmail.com,497-540-9508,54940 Main St,New York,WA,25262
Myles Countryman,myles.countryman@abc.com,645-888-7147,99794 Main St,Seattle,CA,58692
Herbert Gorelick,herbert.gorelick@abc.com,655-837-4373,64744 Maple St,Houston,CA,59744
Jesse Bates,jesse.bates@hotmail.com,583-294-9731,24156 Broadway Ave,Miami,NY,53745
Allen Castillo,allen.castillo@yahoo.com,136-545-4495,51464 Broadway Ave,New York,GA,66353
James White,james.white@hotmail.com,658-147-5867,93057 Broadway Ave,Dallas,WA,30248
Pearlene Sommer,pearlene.sommer@hotmail.com,557-249-9753,62135 Elm St,San Diego,TX,96499
Carlo Qualls,carlo.qualls@hotmail.com,700-281-1131,62226 Broadway Ave,New York,WA,44005
Charles Dampier,charles.dampier@yahoo.com,619-890-8517,39851 Elm St,Seattle,CA,79864
Jose Mullins,jose.mullins@hotmail.com,167-208-4822,90817 Maple St,Los Angeles,WA,11870
Georgia Deleon,georgia.deleon@gmail.com,804-898-8253,68462 Maple St,Seattle,CA,73956
Tracy Scott,tracy.scott@example.com,611-800-7336,84270 Maple St,San Francisco,IL,91934
Gail Gimbel,gail.gimbel@example.com,629-174-2593,50550 Elm St,Miami,FL,95883
Michael Holmes,michael.holmes@example.com,609-141-1182,20726 Main St,Seattle,CA,24518
James Mcdonnell,james.mcdonnell@yahoo.com,153-382-4651,42791 Main St,San Diego,GA,58585
Thomas Irizarry,thomas.irizarry@abc.com,378-858-8307,36725 Elm St,Dallas,NY,42702
Elmer Baker,elmer.baker@yahoo.com,286-221-3850,75965 Maple St,Seattle,NY,13721
Carole Parks,carole.parks@abc.com,953-239-8096,38250 Maple St,Los Angeles,TX,42740
Lester Wilson,lester.wilson@abc.com,262-741-4648,44186 Maple St,New York,NY,40404
Michael Taylor,michael.taylor@test.com,501-486-2584,21326 Main St,Miami,NY,47314
Helen Petillo,helen.petillo@test.com,599-270-1714,52979 Maple St,Seattle,CA,38189
Bobby Brashear,bobby.brashear@test.com,698-504-1948,91755 Main St,San Francisco,FL,48470
James Cleveland,james.cleveland@test.com,880-850-4545,24417 Elm St,Atlanta,NY,95725
Floyd Robles,floyd.robles@hotmail.com,483-778-7022,39627 Maple St,New York,IL,20927
Hana Day,hana.day@abc.com,744-331-2236,90614 Main St,New York,WA,59714
Donald Dewees,donald.dewees@hotmail.com,971-710-9278,57297 Broadway Ave,San Diego,IL,80035
Victoria Dawson,victoria.dawson@abc.com,823-650-7940,49880 Main St,San Francisco,IL,26241
Britt Moore,britt.moore@hotmail.com,403-753-3702,42135 Main St,New York,TX,61974
Kurt Shelton,kurt.shelton@gmail.com,690-911-6236,30277 Main St,New York,GA,57867
Phyllis Bonneville,phyllis.bonneville@example.com,958-421-5006,23761 Elm St,Dallas,GA,10365
Paul Strickland,paul.strickland@yahoo.com,881-666-5653,90040 Main St,Miami,NY,75459
Patricia Toller,patricia.toller@example.com,492-281-2580,12365 Maple St,Chicago,CA,21696
Donald Stevens,donald.stevens@gmail.com,936-305-1226,31372 Elm St,San Diego,FL,81547
Curtis Vansickle,curtis.vansickle@yahoo.com,210-328-1657,56254 Elm St,San Francisco,NY,60728
Jennifer Curren,jennifer.curren@hotmail.com,890-795-5006,89798 Main St,San Diego,GA,74228
Victor Cooper,victor.cooper@abc.com,835-370-8503,56392 Elm St,Atlanta,WA,40694
Frank Smith,frank.smith@test.com,376-585-3814,26521 Maple St,Atlanta,FL,77282
Frances Ward,frances.ward@hotmail.com,553-161-2732,11258 Elm St,Seattle,WA,87604
Steven Palazzola,steven.palazzola@example.com,556-747-8253,78152 Main St,San Francisco,GA,81540
Gloria Smith,gloria.smith@example.com,986-169-9950,84124 Elm St,Chicago,NY,16670
Erin Hunter,erin.hunter@example.com,155-271-1612,19589 Elm St,Atlanta,NY,18851
Mary Precourt,mary.precourt@abc.com,666-536-6974,52726 Broadway Ave,Atlanta,GA,43229
Danny Flynn,danny.flynn@abc.com,727-363-2316,34249 Broadway Ave,Los Angeles,WA,11559
Pat Ross,pat.ross@yahoo.com,898-766-9251,71216 Elm St,Atlanta,WA,65603
Maria Meyer,maria.meyer@yahoo.com,834-488-2655,25917 Elm St,Houston,FL,33299
Mark Edwards,mark.edwards@yahoo.com,864-125-2137,94160 Main St,San Diego,IL,79015
Anthony Domhoff,anthony.domhoff@hotmail.com,506-472-9589,78883 Broadway Ave,Houston,WA,93154
Otis Holz,otis.holz@hotmail.com,553-235-5580,37967 Elm St,New York,NY,43958
Brenda Duckworth,brenda.duckworth@yahoo.com,877-342-8953,57135 Broadway Ave,New York,IL,92460
Muriel Jones,muriel.jones@abc.com,624-961-9353,19340 Elm St,Seattle,GA,20982
Douglas Bitting,douglas.bitting@abc.com,251-590-5686,33175 Broadway Ave,Houston,TX,49805
Anna Stephens,anna.stephens@gmail.com,886-115-5941,55899 Broadway Ave,Miami,NY,78424
Warren Perze,warren.perze@yahoo.com,614-227-7402,45703 Maple St,San Diego,IL,24159
Dale Williams,dale.williams@example.com,346-239-9675,36366 Elm St,New York,IL,38136
Kathleen Breunig,kathleen.breunig@hotmail.com,442-973-9762,99984 Main St,Seattle,GA,25095
Shawn Thomas,shawn.thomas@hotmail.com,687-445-8263,38531 Main St,Atlanta,IL,40340
Daniel Gruis,daniel.gruis@gmail.com,449-529-9534,28792 Main St,San Francisco,IL,77124
Kenneth Mcafee,kenneth.mcafee@yahoo.com,854-362-4032,73691 Maple St,San Diego,NY,58024
Maria Johnson,maria.johnson@gmail.com,778-569-5137,95649 Maple St,Houston,CA,32912
Allene Rowlett,allene.rowlett@yahoo.com,296-804-1217,20283 Maple St,Los Angeles,GA,13341
Paul Arguello,paul.arguello@gmail.com,755-678-2426,32770 Maple St,Miami,WA,34680
Frank Haas,frank.haas@abc.com,460-783-8163,68332 Elm St,New York,FL,91792
Nathaniel Walker,nathaniel.walker@example.com,446-958-3150,13799 Maple St,San Francisco,TX,87801
Maria Barkley,maria.barkley@example.com,356-776-8397,69882 Maple St,Houston,GA,35937
Will Boyd,will.boyd@gmail.com,340-890-1081,89905 Maple St,Houston,GA,43137
Stephen Johnson,stephen.johnson@yahoo.com,716-486-1905,74219 Maple St,San Diego,TX,75099
Travis Robinson,travis.robinson@example.com,966-699-6362,78501 Main St,Seattle,FL,59867
Brian Oguin,brian.oguin@example.com,292-145-6706,44965 Broadway Ave,Dallas,TX,94007
Ronald Brown,ronald.brown@abc.com,684-431-3776,58105 Elm St,San Francisco,GA,78450
Janet Caldwell,janet.caldwell@gmail.com,606-244-5718,88356 Elm St,Los Angeles,FL,87892
Stefan Pease,stefan.pease@abc.com,983-580-2931,41470 Broadway Ave,Chicago,GA,91057
Margaret Lianes,margaret.lianes@example.com,674-663-7311,10063 Main St,Houston,IL,54104
Rebecca Beavers,rebecca.beavers@yahoo.com,785-544-7764,95252 Broadway Ave,Miami,GA,82152
Christopher Sheffield,christopher.sheffield@yahoo.com,990-178-6790,25204 Broadway Ave,Dallas,TX,35859
James Boyd,james.boyd@yahoo.com,819-130-4691,44503 Maple St,Los Angeles,NY,26526
Timothy Murray,timothy.murray@hotmail.com,224-753-2904,13215 Elm St,Dallas,WA,63688
William Hickman,william.hickman@gmail.com,141-875-8097,18252 Broadway Ave,Seattle,GA,31860
Rosario Holcomb,rosario.holcomb@yahoo.com,167-834-5079,60151 Maple St,Seattle,TX,11192
Kevin Taylor,kevin.taylor@yahoo.com,739-796-4621,62168 Maple St,Houston,GA,16773
Leslie Yeend,leslie.yeend@gmail.com,602-725-9124,37240 Main St,Atlanta,NY,31279
Jose Counterman,jose.counterman@test.com,184-301-4072,73582 Elm St,New York,CA,20282
Bryan Murphy,bryan.murphy@example.com,369-181-5986,98071 Main St,San Diego,FL,40764
William Lawrence,william.lawrence@yahoo.com,263-918-3226,57811 Broadway Ave,Houston,IL,83801
Perry Hickey,perry.hickey@abc.com,767-866-8741,45420 Elm St,New York,WA,86176
Pauline Aquil,pauline.aquil@abc.com,912-245-4617,79746 Main St,Chicago,GA,90429
Patrick Irion,patrick.irion@test.com,802-967-4795,42730 Elm St,San Diego,CA,61249
Roy Mcvey,roy.mcvey@yahoo.com,110-931-1825,82391 Maple St,Chicago,NY,70894
Danette Ahmad,danette.ahmad@hotmail.com,518-300-5655,32842 Main St,San Diego,FL,45372
Annette Porter,annette.porter@abc.com,448-162-3215,90307 Broadway Ave,Los Angeles,TX,35592
Cecil Smith,cecil.smith@hotmail.com,223-647-9881,51524 Elm St,Seattle,NY,40618
Daniel Southern,daniel.southern@yahoo.com,763-425-2645,95391 Main St,Houston,FL,86192
Diana Mitchell,diana.mitchell@abc.com,603-539-6826,31789 Main St,Houston,IL,91701
George Calhoun,george.calhoun@yahoo.com,700-158-3636,61885 Broadway Ave,New York,NY,62759
Angelo Mckenzie,angelo.mckenzie@abc.com,751-627-1593,44768 Broadway Ave,Los Angeles,WA,71324
Steven Short,steven.short@test.com,212-414-3282,97993 Maple St,Chicago,WA,16661
Dorothea Sager,dorothea.sager@yahoo.com,149-992-4383,78741 Maple St,Los Angeles,TX,35609
Robert Fox,robert.fox@test.com,668-901-2115,31303 Maple St,Atlanta,FL,64754
Bridget Rondeau,bridget.rondeau@test.com,762-617-7723,75493 Main St,Houston,TX,34712
Reggie Bolton,reggie.bolton@example.com,510-834-1148,89241 Maple St,Atlanta,GA,88379
Edna Traylor,edna.traylor@yahoo.com,732-890-1109,46026 Broadway Ave,Miami,TX,13600
Debora Jones,debora.jones@yahoo.com,337-256-3103,61790 Maple St,Seattle,TX,41137
Regina Jones,regina.jones@yahoo.com,381-925-7620,70372 Elm St,San Diego,WA,47687
Paul Sullivan,paul.sullivan@hotmail.com,911-606-8576,79178 Main St,Miami,TX,24252
Mark Riley,mark.riley@hotmail.com,334-638-5496,56269 Broadway Ave,Seattle,CA,51618
Susie Taylor,susie.taylor@test.com,572-752-9540,32759 Broadway Ave,Seattle,FL,62538
Bernice Richardson,bernice.richardson@hotmail.com,949-693-2534,26533 Main St,Los Angeles,WA,20325
Mary Delgado,mary.delgado@test.com,862-391-4852,88321 Main St,Houston,NY,95099
Josue Atkinson,josue.atkinson@yahoo.com,903-818-2945,64816 Maple St,Miami,NY,92367
Robert Davis,robert.davis@abc.com,234-744-4238,95205 Elm St,San Francisco,GA,87014
Jennifer Stolz,jennifer.stolz@yahoo.com,415-313-9837,61030 Maple St,San Francisco,NY,13306
Arnold Miller,arnold.miller@hotmail.com,463-188-1503,48128 Main St,Los Angeles,CA,54334
Shirley Burdett,shirley.burdett@yahoo.com,976-392-7346,82261 Main St,Dallas,WA,40554
Monty Lamb,monty.lamb@test.com,948-791-2506,39568 Elm St,San Diego,WA,24584
Kurt Kratky,kurt.kratky@gmail.com,100-255-6802,88045 Main St,Los Angeles,WA,40620
Edgar Ungar,edgar.ungar@hotmail.com,326-996-4759,23452 Elm St,Seattle,IL,28996
Phillip Worton,phillip.worton@abc.com,110-195-6723,67246 Main St,San Francisco,GA,58257
Mark Bautista,mark.bautista@abc.com,337-711-6893,84103 Main St,Chicago,TX,50835
Michael Cloer,michael.cloer@yahoo.com,965-663-3876,53952 Main St,Chicago,NY,67680
Gregory Kaua,gregory.kaua@test.com,277-495-6498,99294 Maple St,Dallas,TX,93915
Vickie Fitzgerald,vickie.fitzgerald@test.com,691-325-4097,61575 Maple St,Chicago,CA,91083
Harry Dubois,harry.dubois@yahoo.com,980-588-1723,82525 Broadway Ave,Miami,TX,35319
Joseph Wilson,joseph.wilson@gmail.com,675-646-7686,32298 Main St,Houston,NY,24850
Karen Blaine,karen.blaine@test.com,341-379-2937,45872 Maple St,San Francisco,TX,41833
Mary Westfall,mary.westfall@test.com,258-532-2093,32380 Broadway Ave,New York,CA,12303
Victor Rios,victor.rios@test.com,711-662-8412,31944 Elm St,San Diego,WA,30795
Nathan Lark,nathan.lark@abc.com,805-487-8607,29701 Elm St,Seattle,WA,28288
Amy Lopez,amy.lopez@example.com,400-126-5149,88933 Maple St,Los Angeles,WA,45978
Bobby Velez,bobby.velez@abc.com,931-250-7702,32872 Maple St,New York,FL,82362
Rosa Brawner,rosa.brawner@hotmail.com,677-256-4839,65755 Elm St,Miami,IL,15441
Tamara High,tamara.high@hotmail.com,977-139-7502,21451 Broadway Ave,Chicago,CA,34956
Joseph Holt,joseph.holt@test.com,999-289-9292,61599 Broadway Ave,Seattle,TX,70922
Marilyn Hoyer,marilyn.hoyer@yahoo.com,136-294-6085,83492 Elm St,Miami,TX,13520
Juanita Smith,juanita.smith@gmail.com,549-605-8916,96823 Broadway Ave,Dallas,IL,99384
Oliver Resto,oliver.resto@abc.com,860-283-3995,97236 Main St,New York,FL,47872
Ralph Mcnamee,ralph.mcnamee@hotmail.com,918-278-1884,40528 Broadway Ave,Seattle,CA,13729
Jeri Rodman,jeri.rodman@yahoo.com,456-906-8977,15705 Main St,San Diego,CA,92022
Ruth Perkins,ruth.perkins@example.com,186-845-5518,33755 Maple St,Dallas,IL,87531
Halley Swift,halley.swift@hotmail.com,194-492-5004,20806 Broadway Ave,Atlanta,CA,47104
Kimberly Johnson,kimberly.johnson@test.com,439-432-9893,17310 Elm St,Seattle,TX,83798
Justin Clark,justin.clark@test.com,320-995-5732,87342 Broadway Ave,Los Angeles,TX,95224
Troy Ali,troy.ali@yahoo.com,774-748-1256,41456 Elm St,Miami,CA,57658
Julie Claypoole,julie.claypoole@example.com,476-847-8164,74853 Elm St,New York,IL,42424
William Hooker,william.hooker@gmail.com,791-632-7629,58380 Broadway Ave,Dallas,TX,34765
Allison Sellers,allison.sellers@abc.com,667-421-8498,54063 Elm St,Miami,NY,29731
Eve Schwarz,eve.schwarz@example.com,867-151-5827,50900 Maple St,Houston,NY,26694
Mary Jones,mary.jones@example.com,453-396-5732,90851 Elm St,Chicago,WA,15078
Michelle Carroll,michelle.carroll@example.com,811-946-5524,30357 Main St,New York,WA,27894
Barrett Coward,barrett.coward@hotmail.com,848-504-8708,92626 Maple St,Miami,FL,77857
Roberta Perry,roberta.perry@gmail.com,149-294-4078,48078 Elm St,Dallas,TX,61397
Angelica Mcbride,angelica.mcbride@test.com,248-690-3755,75862 Main St,Houston,WA,46188
Martha Sherry,martha.sherry@gmail.com,775-885-8521,13006 Elm St,Dallas,WA,34380
Eleanor Nolin,eleanor.nolin@abc.com,102-236-6827,95088 Maple St,Los Angeles,CA,70830
Roger Lamp,roger.lamp@test.com,321-292-7515,29061 Main St,Los Angeles,GA,39979
Agustin Smith,agustin.smith@gmail.com,343-917-6094,93628 Broadway Ave,New York,TX,88622
Louis Griffith,louis.griffith@abc.com,678-393-7030,94008 Elm St,Dallas,WA,25849
Alice Albright,alice.albright@example.com,398-576-8984,93734 Elm St,Seattle,CA,74311
Dale Hall,dale.hall@abc.com,226-142-8135,59849 Maple St,Houston,CA,46873
Terry Kim,terry.kim@yahoo.com,927-431-8761,80041 Broadway Ave,New York,TX,51013
Michael Crowder,michael.crowder@gmail.com,388-110-7327,96971 Broadway Ave,New York,TX,75061
Martha Breisch,martha.breisch@yahoo.com,507-818-8845,69465 Maple St,Los Angeles,FL,44222
Anthony Morrical,anthony.morrical@yahoo.com,696-347-8338,39088 Broadway Ave,Houston,IL,90289
Jeffrey Rose,jeffrey.rose@test.com,746-973-2731,85440 Main St,Dallas,CA,88027
Matthew Atchinson,matthew.atchinson@gmail.com,235-118-7731,16491 Maple St,Dallas,GA,25564
Mark Robert,mark.robert@gmail.com,620-433-5832,33653 Maple St,San Diego,NY,13120
Helen English,helen.english@hotmail.com,451-867-8328,98091 Maple St,Dallas,GA,29128
Brian Westlie,brian.westlie@yahoo.com,654-749-8331,23237 Broadway Ave,Los Angeles,TX,22023
Barbara Cannon,barbara.cannon@hotmail.com,596-894-7500,38791 Elm St,Miami,NY,46702
Russell Stewart,russell.stewart@yahoo.com,559-316-3030,36565 Elm St,Los Angeles,IL,41329
Peter Harrison,peter.harrison@abc.com,145-618-6203,51891 Main St,Los Angeles,IL,73854
Leo Griffith,leo.griffith@hotmail.com,721-673-4366,54644 Maple St,Houston,TX,99815
Eric Yoder,eric.yoder@example.com,727-670-3839,97902 Elm St,Houston,FL,57819
Felix Militello,felix.militello@hotmail.com,617-662-1737,82791 Broadway Ave,San Francisco,NY,27653
Dave Medford,dave.medford@abc.com,547-783-4386,30757 Maple St,Chicago,IL,82707
Theodore Holmes,theodore.holmes@example.com,786-790-4617,75338 Elm St,San Francisco,WA,49405
Rachel Hailey,rachel.hailey@test.com,923-483-8189,84441 Elm St,New York,GA,72298
Mark Elwood,mark.elwood@hotmail.com,716-774-9850,40196 Maple St,Los Angeles,FL,19243
George Baysinger,george.baysinger@yahoo.com,114-992-4079,97589 Broadway Ave,New York,IL,70913
Sabrina Reuter,sabrina.reuter@example.com,275-949-8872,39984 Main St,Seattle,FL,24699
Kathi Vazquez,kathi.vazquez@hotmail.com,959-108-9156,11939 Broadway Ave,Los Angeles,NY,62639
David Jackson,david.jackson@hotmail.com,430-115-6986,91595 Elm St,San Francisco,FL,27694
Bonnie Luke,bonnie.luke@hotmail.com,279-184-7564,75454 Maple St,San Francisco,TX,43081
Phillip Brinkly,phillip.brinkly@hotmail.com,986-692-3436,67121 Elm St,Los Angeles,GA,60072
Irene Priddy,irene.priddy@gmail.com,288-207-2739,28240 Maple St,San Francisco,NY,22922
Sheila Carlucci,sheila.carlucci@test.com,191-458-6221,37061 Elm St,Seattle,TX,86355
Mary Mendoza,mary.mendoza@abc.com,493-429-4936,21265 Elm St,Los Angeles,NY,27418
Robert Brock,robert.brock@example.com,973-368-1691,48740 Elm St,Atlanta,CA,93261
Simone Johnson,simone.johnson@gmail.com,732-202-7239,47278 Elm St,Houston,CA,90485
Phillip Simmonds,phillip.simmonds@hotmail.com,615-728-7653,96193 Main St,Los Angeles,FL,33976
Bruce Cottrell,bruce.cottrell@example.com,568-345-5333,30628 Broadway Ave,Seattle,IL,91998
Lila Edwards,lila.edwards@yahoo.com,132-726-7232,88980 Broadway Ave,Los Angeles,GA,16169
Noel Ward,noel.ward@abc.com,172-423-7596,74187 Broadway Ave,Houston,TX,83765
William Kauffman,william.kauffman@test.com,388-620-2939,57047 Main St,New York,FL,45068
Elaine Ragland,elaine.ragland@hotmail.com,280-786-5907,95345 Maple St,Dallas,WA,69427
Ricky Lucas,ricky.lucas@test.com,779-749-6621,26471 Elm St,Atlanta,GA,31108
Sheryl Sanchez,sheryl.sanchez@yahoo.com,360-835-9331,95052 Elm St,Chicago,NY,54707
Loreen Mealy,loreen.mealy@yahoo.com,971-505-4618,51805 Elm St,New York,NY,81128
Judy Smith,judy.smith@yahoo.com,977-653-2401,96124 Broadway Ave,San Diego,TX,82713
Glen Cox,glen.cox@abc.com,578-605-5429,18812 Elm St,San Francisco,IL,53261
Mallory Arriaga,mallory.arriaga@abc.com,935-737-2437,68972 Elm St,Miami,TX,85914
Lola Richmond,lola.richmond@abc.com,884-266-1291,41761 Elm St,Chicago,CA,94251
Sandy Jaquet,sandy.jaquet@abc.com,755-837-4518,24280 Broadway Ave,Atlanta,IL,99923
Dorothy Beauprez,dorothy.beauprez@yahoo.com,272-707-3910,22652 Maple St,Chicago,IL,39694
Richard Sinha,richard.sinha@test.com,160-522-2042,60885 Elm St,Houston,GA,85301
Jessie Dickson,jessie.dickson@yahoo.com,260-727-5432,90526 Maple St,Houston,WA,16490
Lee Grimm,lee.grimm@example.com,454-136-1303,90177 Broadway Ave,Atlanta,TX,24365
Yvonne Denger,yvonne.denger@gmail.com,693-814-1857,51628 Elm St,San Diego,FL,53046
Merilyn Madonia,merilyn.madonia@example.com,514-415-2168,75872 Main St,San Francisco,FL,13382
William Cozzi,william.cozzi@yahoo.com,975-106-5873,19874 Broadway Ave,San Francisco,FL,39753
Catherine Hickey,catherine.hickey@example.com,744-984-4604,89418 Maple St,Los Angeles,TX,11023
Alfred Scroggins,alfred.scroggins@test.com,165-782-1129,31654 Main St,Seattle,IL,84995
Henrietta Robinson,henrietta.robinson@abc.com,176-465-2143,18428 Maple St,Seattle,CA,50635
Constance Padberg,constance.padberg@hotmail.com,550-866-1776,14137 Main St,San Francisco,NY,27725
Johnathan Miles,johnathan.miles@test.com,143-151-1529,70834 Maple St,San Francisco,FL,37381
Clint Level,clint.level@yahoo.com,474-204-4268,77487 Maple St,Los Angeles,GA,83754
Duane Dunleavy,duane.dunleavy@gmail.com,249-582-2307,48482 Elm St,San Diego,TX,29280
Cindy Watson,cindy.watson@hotmail.com,644-921-8144,67641 Elm St,San Francisco,FL,93329
Shirley Boyer,shirley.boyer@gmail.com,507-970-1669,52875 Elm St,Dallas,TX,94445
Charles Nutt,charles.nutt@test.com,533-725-5493,95340 Main St,New York,WA,27327
Mark Singh,mark.singh@yahoo.com,926-922-5497,12027 Elm St,Chicago,WA,68703
Lori Sanchez,lori.sanchez@example.com,296-953-4313,41646 Maple St,Dallas,GA,82086
Julie Nowak,julie.nowak@example.com,145-165-5938,74881 Elm St,Chicago,WA,94034
Pam Havenhill,pam.havenhill@abc.com,494-995-5180,48318 Maple St,San Francisco,WA,33107
Amber Sandlin,amber.sandlin@yahoo.com,353-655-9006,77699 Maple St,Dallas,NY,98958
Clarence Jimenez,clarence.jimenez@hotmail.com,468-456-4680,83461 Elm St,Atlanta,IL,59911
Deangelo Feliciano,deangelo.feliciano@abc.com,725-361-6785,72174 Main St,Chicago,WA,41962
Michael Ward,michael.ward@hotmail.com,394-993-3609,23799 Main St,New York,WA,47629
Arlene Burch,arlene.burch@example.com,131-210-5696,24555 Main St,Miami,IL,55907
Albert Pimentel,albert.pimentel@yahoo.com,687-879-2307,60349 Broadway Ave,San Francisco,GA,45040
Maria Halpin,maria.halpin@example.com,463-526-8296,88371 Maple St,San Francisco,NY,12885
Barry Burdick,barry.burdick@gmail.com,675-639-2234,40615 Maple St,San Francisco,WA,80531
Elizabeth Sims,elizabeth.sims@yahoo.com,324-817-2668,63983 Broadway Ave,Houston,WA,67259
Seth Pierce,seth.pierce@test.com,620-982-5620,27153 Main St,Seattle,IL,38827
Kimberly Allbritton,kimberly.allbritton@gmail.com,530-367-3877,29469 Broadway Ave,New York,CA,80164
Jimmie Kimbrough,jimmie.kimbrough@abc.com,716-359-4700,58390 Elm St,Houston,GA,62691
Richard Forrester,richard.forrester@abc.com,612-474-6424,13361 Main St,New York,IL,27152
Jason Pecoraro,jason.pecoraro@yahoo.com,803-659-2984,63343 Main St,Houston,IL,63966
Gregorio Isabell,gregorio.isabell@hotmail.com,467-896-5394,87936 Elm St,Dallas,TX,80737
April Armendariz,april.armendariz@hotmail.com,698-542-5712,69957 Broadway Ave,Chicago,TX,20908
Willie Green,willie.green@test.com,377-367-2186,78901 Elm St,Miami,TX,10717
Helen Cross,helen.cross@yahoo.com,169-372-6228,14184 Main St,Dallas,TX,34806
Lewis Stricker,lewis.stricker@yahoo.com,910-344-4643,36491 Main St,San Diego,WA,14963
Dorothy Noel,dorothy.noel@example.com,780-232-9416,13603 Main St,Seattle,NY,85667
Glynis Daniel,glynis.daniel@example.com,431-940-4452,12747 Elm St,Dallas,CA,94140
Jonathan Ferguson,jonathan.ferguson@gmail.com,507-821-3543,29970 Broadway Ave,San Diego,NY,19742
James Harris,james.harris@abc.com,396-696-8852,54967 Elm St,Houston,TX,47632
Thomas Cianflone,thomas.cianflone@hotmail.com,598-687-5495,26183 Broadway Ave,Dallas,WA,26092
Charlene Loving,charlene.loving@yahoo.com,333-245-7141,72695 Broadway Ave,Chicago,WA,52461
Esther Gibson,esther.gibson@yahoo.com,629-880-2173,68125 Main St,Los Angeles,CA,96679
Amy Williams,amy.williams@gmail.com,608-874-3047,91236 Broadway Ave,San Diego,FL,75139
Joshua Becker,joshua.becker@gmail.com,606-367-8181,42221 Elm St,Atlanta,TX,45308
Claude Hudson,claude.hudson@test.com,359-967-5532,13265 Broadway Ave,Houston,FL,67952
Stephen Mims,stephen.mims@hotmail.com,539-161-3287,85867 Main St,Atlanta,CA,18552
Myra Johnson,myra.johnson@example.com,494-294-8698,66633 Broadway Ave,Miami,FL,80445
Keiko Early,keiko.early@abc.com,688-964-2075,20786 Main St,Los Angeles,CA,16735
Ellen Watt,ellen.watt@hotmail.com,359-936-7340,73772 Broadway Ave,Los Angeles,FL,52074
Peter Kopka,peter.kopka@example.com,259-297-7350,45132 Broadway Ave,Miami,WA,28335
Ruth Holloman,ruth.holloman@test.com,649-790-7460,34156 Main St,Chicago,GA,94740
Sergio Shaw,sergio.shaw@gmail.com,940-318-1356,16040 Main St,Chicago,IL,78354
Stephen Shiflett,stephen.shiflett@yahoo.com,615-520-2641,45479 Broadway Ave,Los Angeles,TX,63673
Deborah Ezpeleta,deborah.ezpeleta@yahoo.com,763-890-2516,45849 Broadway Ave,New York,WA,94048
Amelia Dandurand,amelia.dandurand@test.com,352-377-7142,30838 Main St,Houston,IL,66435
Katie Barash,katie.barash@test.com,701-497-5140,65211 Main St,San Francisco,GA,15241
Andrew Bundren,andrew.bundren@hotmail.com,742-756-9428,36084 Broadway Ave,Chicago,IL,69487
Juanita Townsel,juanita.townsel@example.com,255-980-1615,73694 Elm St,Dallas,FL,36546
Anita Benway,anita.benway@hotmail.com,161-740-4723,79910 Maple St,Seattle,IL,16296
Pedro Williams,pedro.williams@yahoo.com,571-187-4311,46748 Main St,New York,GA,53655
Elizabeth Pearson,elizabeth.pearson@gmail.com,204-605-9914,26331 Main St,Seattle,WA,75909
William Dasilva,william.dasilva@example.com,905-663-7052,74539 Broadway Ave,Atlanta,GA,18194
Debbie Jackson,debbie.jackson@abc.com,317-172-4024,96095 Maple St,Atlanta,GA,93012
Angela Hudson,angela.hudson@abc.com,795-875-5069,81544 Elm St,San Francisco,GA,58837
John Howarter,john.howarter@yahoo.com,973-658-5075,69345 Elm St,San Diego,TX,36500
Leanne Williamson,leanne.williamson@hotmail.com,609-904-8898,61961 Broadway Ave,Miami,WA,41073
Chad Simmons,chad.simmons@gmail.com,808-680-7380,73710 Elm St,San Francisco,TX,65556
Bobby Venable,bobby.venable@hotmail.com,117-432-6117,26308 Maple St,Dallas,FL,51333
James Saunders,james.saunders@hotmail.com,115-578-3292,12683 Main St,San Diego,NY,80257
Scott Sala,scott.sala@yahoo.com,973-107-9642,62482 Broadway Ave,San Diego,CA,86015
Lawrence Manuelito,lawrence.manuelito@example.com,776-615-8629,79812 Elm St,San Diego,CA,44272
Kimberly Schuller,kimberly.schuller@test.com,197-136-4766,17449 Broadway Ave,San Diego,GA,25202
Joseph Vaughn,joseph.vaughn@gmail.com,659-377-8014,83643 Maple St,Seattle,CA,80663
Robert Williams,robert.williams@example.com,605-663-8718,41959 Broadway Ave,San Francisco,GA,44765
Miranda Best,miranda.best@abc.com,238-550-1699,70322 Broadway Ave,New York,WA,46712
Arthur Small,arthur.small@gmail.com,791-515-1176,29266 Main St,New York,IL,42555
Linda Devine,linda.devine@test.com,235-349-9526,73711 Maple St,Dallas,WA,42677
Edgar Smitherman,edgar.smitherman@hotmail.com,245-172-2861,48344 Main St,Dallas,CA,25856
Alan Strauss,alan.strauss@hotmail.com,955-655-4483,60431 Maple St,Miami,CA,13504
Steve Elliott,steve.elliott@example.com,883-125-9519,11445 Broadway Ave,Los Angeles,FL,10736
Lisa Lara,lisa.lara@abc.com,746-483-5804,80783 Broadway Ave,Chicago,FL,32170
Thomas Ryan,thomas.ryan@hotmail.com,169-153-1217,81075 Broadway Ave,Miami,FL,74454
Violet Foss,violet.foss@gmail.com,139-635-6144,38044 Maple St,San Diego,WA,28633
Katherine Gonzalez,katherine.gonzalez@abc.com,352-617-1218,12099 Broadway Ave,San Francisco,NY,92460
Viola Nelson,viola.nelson@example.com,695-384-3568,10381 Broadway Ave,Atlanta,NY,90470
William Scott,william.scott@abc.com,171-659-2520,86832 Maple St,Chicago,IL,33282
Nicole Conner,nicole.conner@test.com,481-666-6066,86900 Maple St,Chicago,WA,24742
Sandra Jones,sandra.jones@gmail.com,522-873-2677,37042 Elm St,Dallas,CA,66886
Edna Kriss,edna.kriss@abc.com,404-880-5293,39896 Maple St,San Francisco,WA,80068
Frank Hobbs,frank.hobbs@example.com,405-909-1952,30717 Main St,Seattle,NY,55198
Odell Jordan,odell.jordan@hotmail.com,880-757-5894,46052 Maple St,Dallas,NY,49307
Jackie Brodeur,jackie.brodeur@yahoo.com,556-177-6188,74044 Broadway Ave,Seattle,CA,81195
Antoine Warren,antoine.warren@hotmail.com,620-515-6960,50606 Main St,Atlanta,TX,59234
Margaret Sherrer,margaret.sherrer@hotmail.com,829-105-1100,92122 Broadway Ave,New York,GA,21658
Scott Bracy,scott.bracy@yahoo.com,253-878-9128,35421 Elm St,Seattle,GA,67764
Alan Green,alan.green@yahoo.com,864-353-2722,54663 Maple St,San Francisco,FL,70343
Joann Hickman,joann.hickman@gmail.com,853-996-6761,60137 Broadway Ave,New York,CA,42822
David Scott,david.scott@example.com,202-429-4563,95340 Broadway Ave,San Diego,IL,43245
Nicholas Coleman,nicholas.coleman@yahoo.com,120-521-7565,62101 Broadway Ave,Miami,NY,19170
Elwood Thompson,elwood.thompson@gmail.com,931-771-7235,77182 Main St,Atlanta,NY,75741
John Bowen,john.bowen@yahoo.com,503-657-1002,19062 Broadway Ave,San Francisco,CA,85211
Zandra Beckman,zandra.beckman@abc.com,176-201-2519,81616 Maple St,Seattle,IL,55329
Ida Hoover,ida.hoover@yahoo.com,401-366-7464,38509 Main St,New York,IL,67650
Darren Stolar,darren.stolar@yahoo.com,595-333-2826,27381 Main St,Chicago,IL,47456
Laura Baldwin,laura.baldwin@example.com,634-682-7085,20057 Broadway Ave,Dallas,WA,34617
Wendy Kolter,wendy.kolter@gmail.com,294-807-6395,80835 Maple St,Chicago,CA,78863
Luther Ramos,luther.ramos@yahoo.com,497-938-6457,12276 Broadway Ave,Dallas,CA,85528
Laura Mcintosh,laura.mcintosh@hotmail.com,545-245-6002,91669 Maple St,Chicago,FL,72198
John Sanchez,john.sanchez@test.com,621-391-5591,56166 Main St,Seattle,FL,66082
Julie Stevens,julie.stevens@hotmail.com,493-641-2305,52507 Broadway Ave,Atlanta,NY,51734
Patricia Hall,patricia.hall@yahoo.com,548-603-8665,38376 Elm St,San Francisco,IL,32095
Samuel Stemmer,samuel.stemmer@hotmail.com,398-886-6828,11806 Broadway Ave,Dallas,WA,32438
Tami Crews,tami.crews@abc.com,804-104-9149,74431 Main St,Atlanta,IL,83865
Johnny Matthews,johnny.matthews@test.com,321-505-9467,37968 Main St,Seattle,TX,22343
Leticia Tripp,leticia.tripp@example.com,926-855-1201,22586 Main St,Houston,TX,17840
David Adkins,david.adkins@abc.com,744-967-1248,78217 Maple St,Seattle,NY,57622
Thomas Peffley,thomas.peffley@hotmail.com,973-935-8559,55909 Elm St,Dallas,CA,31205
Wilma Benjamin,wilma.benjamin@hotmail.com,310-454-5138,12141 Broadway Ave,Houston,GA,94576
Nilda Evans,nilda.evans@example.com,982-199-8522,83693 Broadway Ave,New York,NY,26905
Catherine Jeffers,catherine.jeffers@example.com,687-755-6919,95301 Elm St,Los Angeles,IL,47485
Donna Rose,donna.rose@hotmail.com,429-279-3947,19505 Elm St,Miami,FL,15799
Linda Gregory,linda.gregory@abc.com,547-698-9160,81202 Maple St,San Diego,WA,42458
Corey Hughes,corey.hughes@test.com,623-816-6109,97347 Broadway Ave,San Diego,FL,67379
Maria Thode,maria.thode@example.com,664-285-4416,51465 Broadway Ave,San Diego,TX,10774
Kurt Eby,kurt.eby@hotmail.com,264-243-3609,63572 Elm St,San Francisco,FL,12327
Martha Malone,martha.malone@yahoo.com,281-346-1244,28137 Maple St,Houston,FL,68340
John Weems,john.weems@test.com,460-714-2388,60002 Maple St,San Diego,GA,90903
Janie Aiyer,janie.aiyer@hotmail.com,277-245-8803,77926 Main St,Houston,IL,93935
Michael Ivy,michael.ivy@gmail.com,584-419-1706,14552 Maple St,Seattle,IL,73237
Odis Bowles,odis.bowles@yahoo.com,726-961-2432,34616 Maple St,San Diego,IL,49252
Jeannette Garcia,jeannette.garcia@hotmail.com,560-921-9836,91831 Broadway Ave,San Francisco,TX,27084
Patricia Bramble,patricia.bramble@yahoo.com,786-522-7873,74477 Broadway Ave,Chicago,FL,52081
David Yingling,david.yingling@test.com,480-292-5043,78143 Maple St,Atlanta,FL,32118
Jennifer Haley,jennifer.haley@test.com,343-598-8247,11707 Broadway Ave,San Francisco,CA,76213
Hazel Brown,hazel.brown@hotmail.com,974-146-1053,33263 Broadway Ave,Chicago,TX,78496
Raymond Haley,raymond.haley@hotmail.com,994-715-9984,20374 Main St,Atlanta,IL,58531
Mary Roberts,mary.roberts@yahoo.com,952-791-1003,68457 Main St,Miami,FL,55464
Brooke Hall,brooke.hall@example.com,167-359-9430,63444 Maple St,Los Angeles,IL,32140
Julia Schuetze,julia.schuetze@abc.com,875-485-4299,88396 Maple St,San Francisco,WA,41030
Rosa Sandoval,rosa.sandoval@hotmail.com,961-916-2314,69045 Broadway Ave,New York,IL,11891
Wanda Gass,wanda.gass@yahoo.com,526-201-4306,29827 Broadway Ave,Atlanta,CA,13436
Erin Lane,erin.lane@gmail.com,352-195-8034,25238 Elm St,Seattle,CA,83546
Jackson Mackey,jackson.mackey@example.com,217-282-7029,26408 Maple St,Seattle,TX,40593
William Hart,william.hart@abc.com,692-208-7042,76587 Elm St,San Diego,NY,10429
Chris Zelechowski,chris.zelechowski@yahoo.com,735-611-3471,90685 Main St,Dallas,IL,23445
Karen Johnson,karen.johnson@gmail.com,105-105-8835,75594 Elm St,Dallas,WA,73976
Joyce Rehfield,joyce.rehfield@hotmail.com,722-832-3809,13097 Elm St,Seattle,TX,10211
Erik Garett,erik.garett@hotmail.com,806-263-2600,14173 Maple St,Miami,GA,19007
Matthew Manns,matthew.manns@abc.com,102-914-5094,50542 Broadway Ave,Dallas,NY,31837
Minda Hilliard,minda.hilliard@hotmail.com,464-701-1654,24641 Broadway Ave,Dallas,GA,12869
Ernesto Adams,ernesto.adams@test.com,657-219-7027,50514 Maple St,Atlanta,NY,39423
Domenic Hundley,domenic.hundley@yahoo.com,920-765-9683,50274 Maple St,Los Angeles,IL,59617
Cornelius Futch,cornelius.futch@abc.com,152-486-2554,26433 Broadway Ave,Chicago,GA,41600
James Gonzales,james.gonzales@test.com,627-783-7602,49041 Elm St,Atlanta,TX,94937
Joshua Lowery,joshua.lowery@gmail.com,168-800-8920,27504 Elm St,San Francisco,TX,90118
Marsha Difilippo,marsha.difilippo@abc.com,640-135-9105,94411 Elm St,Houston,GA,81688
James Fletcher,james.fletcher@gmail.com,666-638-8420,95084 Broadway Ave,Seattle,NY,39316
Lauren Kaehler,lauren.kaehler@test.com,739-704-8386,38915 Elm St,Los Angeles,WA,72383
Thomas Cannon,thomas.cannon@hotmail.com,642-176-1186,65554 Broadway Ave,Los Angeles,CA,16869
Jaclyn Manuel,jaclyn.manuel@example.com,541-490-9959,54818 Maple St,Dallas,IL,89539
Ashley Lile,ashley.lile@abc.com,862-570-6667,91918 Broadway Ave,Atlanta,WA,65962
William Karol,william.karol@test.com,445-993-1956,38931 Main St,San Francisco,FL,17985
Mark Ware,mark.ware@hotmail.com,915-775-7467,75996 Elm St,San Diego,IL,20233
Rudolph Belknap,rudolph.belknap@example.com,348-643-2912,62135 Broadway Ave,San Diego,FL,60987
Debra Mortenson,debra.mortenson@test.com,692-163-5967,48303 Main St,Houston,NY,33200
Herbert Burrowes,herbert.burrowes@hotmail.com,145-745-2316,99047 Elm St,New York,WA,34409
Estelle Stevens,estelle.stevens@example.com,951-932-4238,61123 Maple St,Los Angeles,NY,55875
Charles Thomas,charles.thomas@gmail.com,969-101-4929,21724 Elm St,Atlanta,IL,73653
Gloria Morgan,gloria.morgan@example.com,218-837-9510,55338 Main St,Los Angeles,CA,93198
John Donnelly,john.donnelly@hotmail.com,194-565-4723,62455 Maple St,Miami,NY,89521
Jennifer Jones,jennifer.jones@example.com,440-258-2929,34253 Broadway Ave,Chicago,IL,13106
Antonio Rellihan,antonio.rellihan@example.com,337-306-5909,60811 Main St,Atlanta,CA,65782
Amy Tom,amy.tom@hotmail.com,178-383-7866,99001 Maple St,Houston,WA,75490
Vinnie Alan,vinnie.alan@test.com,944-563-9302,79898 Broadway Ave,Dallas,NY,59760
Emma Sanchez,emma.sanchez@hotmail.com,550-134-1020,91129 Elm St,Dallas,IL,42378
Hazel Thornton,hazel.thornton@abc.com,465-276-8732,70427 Main St,Miami,TX,29054
Jean Funk,jean.funk@gmail.com,170-158-5138,42355 Elm St,San Francisco,NY,89723
Willard Gross,willard.gross@gmail.com,967-913-6959,27482 Elm St,San Francisco,NY,54408
Charles Wilcox,charles.wilcox@abc.com,570-404-2688,27550 Main St,New York,NY,20669
Karen Edward,karen.edward@example.com,502-171-8713,48032 Maple St,Dallas,FL,54030
Marcus Dailey,marcus.dailey@hotmail.com,579-570-4624,23687 Elm St,Seattle,IL,34189
Ruth Spruill,ruth.spruill@test.com,731-316-3403,21328 Broadway Ave,New York,IL,52525
Mark Davis,mark.davis@yahoo.com,332-819-2541,46017 Broadway Ave,San Diego,NY,44485
Dwight Goyne,dwight.goyne@example.com,405-978-9566,61910 Elm St,New York,CA,42731
Timothy Allen,timothy.allen@example.com,654-805-9030,71461 Maple St,San Diego,IL,89266
Deane Smith,deane.smith@hotmail.com,391-414-6013,58016 Maple St,Atlanta,CA,35220
David Daniels,david.daniels@yahoo.com,732-145-2520,54742 Elm St,Seattle,IL,77989
Robert Hoot,robert.hoot@gmail.com,998-849-9024,45351 Broadway Ave,Chicago,TX,55815
Michael Gadison,michael.gadison@example.com,773-928-6750,33846 Main St,Miami,WA,90522
Kimiko Adams,kimiko.adams@example.com,150-666-8194,19455 Broadway Ave,Chicago,WA,49630
Mark Mccullough,mark.mccullough@yahoo.com,973-554-3971,44544 Elm St,San Francisco,FL,77362
John Schaff,john.schaff@gmail.com,463-388-4627,68263 Main St,San Diego,TX,67588
Beth Fitch,beth.fitch@hotmail.com,444-275-5906,80663 Elm St,New York,WA,85434
Rita Andrews,rita.andrews@test.com,856-729-3154,56520 Maple St,Chicago,WA,20669
Norman Christian,norman.christian@hotmail.com,400-244-7331,93695 Main St,Atlanta,WA,63168
Tracy Peel,tracy.peel@yahoo.com,809-519-7432,96250 Main St,New York,GA,49543
James Dercole,james.dercole@yahoo.com,856-989-8392,75356 Broadway Ave,Dallas,WA,52723
Michael Griffin,michael.griffin@gmail.com,584-451-2330,73182 Elm St,Seattle,TX,18120
David Son,david.son@gmail.com,195-340-1796,87799 Maple St,San Diego,GA,94902
Tasha Beltran,tasha.beltran@example.com,217-579-7944,71779 Elm St,New York,TX,88455
Amy Vroman,amy.vroman@yahoo.com,256-768-3816,54325 Maple St,Miami,TX,56525
Demetrice Graham,demetrice.graham@yahoo.com,658-946-5826,51209 Main St,Los Angeles,NY,14550
Guy Hale,guy.hale@gmail.com,526-461-3169,54535 Elm St,Los Angeles,NY,37983
Cathy Farrell,cathy.farrell@gmail.com,575-397-3338,68126 Elm St,San Diego,WA,81370
Frank Vinson,frank.vinson@gmail.com,258-514-1307,18126 Main St,Chicago,IL,81092
Jill Hagge,jill.hagge@test.com,682-759-1172,65904 Elm St,Houston,FL,59931
Maryann Jarvis,maryann.jarvis@hotmail.com,576-773-6915,70326 Elm St,San Diego,IL,10277
Martha Shoup,martha.shoup@gmail.com,928-597-6870,30079 Main St,Miami,CA,21700
William Soto,william.soto@test.com,632-467-1312,92441 Broadway Ave,New York,TX,73994
Brett Balowski,brett.balowski@hotmail.com,942-455-1845,43954 Main St,Seattle,GA,73042
Ronald Dawson,ronald.dawson@abc.com,118-790-3692,40640 Broadway Ave,San Diego,NY,61631
Stefanie Sanders,stefanie.sanders@yahoo.com,914-710-1063,53361 Maple St,Chicago,GA,48221
Bruce Geer,bruce.geer@hotmail.com,200-540-4728,24493 Maple St,Seattle,IL,56647
Donald Chappell,donald.chappell@abc.com,556-876-8084,75069 Main St,Atlanta,WA,27545
Nick Steiner,nick.steiner@gmail.com,239-442-5413,20431 Main St,Miami,CA,70479
Dorothy Smithey,dorothy.smithey@yahoo.com,804-452-1094,27518 Elm St,Seattle,IL,49267
Christopher Baker,christopher.baker@hotmail.com,840-678-7225,53776 Maple St,San Diego,IL,84059
Brant Rogers,brant.rogers@abc.com,158-512-7232,68649 Maple St,Chicago,NY,32596
Lynn Minnis,lynn.minnis@yahoo.com,247-806-4228,33535 Elm St,Seattle,TX,76133
Linda Green,linda.green@abc.com,863-986-7622,71891 Elm St,Atlanta,NY,37925
Donald Chiarito,donald.chiarito@yahoo.com,981-495-7928,71229 Elm St,Dallas,TX,57060
Juan Virgilio,juan.virgilio@test.com,149-982-2080,82282 Maple St,Los Angeles,GA,45595
Timothy Benbow,timothy.benbow@hotmail.com,990-447-8945,37461 Maple St,Los Angeles,TX,57279
Clifton Park,clifton.park@hotmail.com,711-861-8737,47723 Elm St,Seattle,TX,26339
William Dews,william.dews@yahoo.com,239-642-6292,50104 Maple St,San Francisco,WA,53098
Susan Lyons,susan.lyons@test.com,593-782-8174,60002 Maple St,Los Angeles,TX,70165
Gayle Milburn,gayle.milburn@abc.com,140-115-5894,86326 Main St,San Diego,WA,70170
Lillian Clemons,lillian.clemons@hotmail.com,493-201-6436,76724 Broadway Ave,Chicago,NY,68464
John Church,john.church@abc.com,777-948-9349,98106 Main St,San Francisco,NY,59571
Anne Mccoy,anne.mccoy@test.com,338-704-8470,67186 Main St,New York,CA,48544
Dorothy Elam,dorothy.elam@test.com,125-358-3725,65310 Main St,Dallas,WA,92304
Ernest Martin,ernest.martin@yahoo.com,324-382-8360,90911 Elm St,Los Angeles,CA,20361
Stella Carter,stella.carter@hotmail.com,484-716-5768,43431 Main St,Dallas,IL,89047
Susan Dozier,susan.dozier@hotmail.com,729-198-2118,48900 Main St,Dallas,IL,30341
Jamie Villalta,jamie.villalta@abc.com,554-891-5844,79461 Broadway Ave,Dallas,IL,23721
Dale Arnold,dale.arnold@example.com,827-929-4637,26427 Elm St,San Francisco,CA,55324
Nadine Briggs,nadine.briggs@abc.com,728-297-9733,38747 Elm St,Los Angeles,IL,27597
Donald Hunnings,donald.hunnings@test.com,870-514-7731,50646 Maple St,Seattle,IL,41886
Angelena Stephens,angelena.stephens@abc.com,601-564-1815,34553 Broadway Ave,Atlanta,TX,55892
Susan Valliant,susan.valliant@yahoo.com,866-520-1224,31642 Main St,Houston,CA,85426
William Cote,william.cote@example.com,697-155-7691,11621 Broadway Ave,Los Angeles,GA,28666
Dianne Harris,dianne.harris@example.com,694-467-6768,58886 Broadway Ave,Los Angeles,IL,13642
Minnie Barroso,minnie.barroso@example.com,721-773-6351,27206 Main St,Atlanta,FL,79768
Winter Fuchs,winter.fuchs@abc.com,283-655-3960,74618 Elm St,Chicago,FL,82883
Mary Anthony,mary.anthony@example.com,860-266-8519,17030 Maple St,San Diego,CA,85107
Catherine Fuhr,catherine.fuhr@hotmail.com,414-519-8427,83210 Main St,Miami,WA,20684
Olive Cobb,olive.cobb@test.com,944-999-4252,81345 Elm St,Atlanta,GA,95375
Roberta Moore,roberta.moore@hotmail.com,718-907-1835,65028 Elm St,Atlanta,TX,93973
Antonio Fowler,antonio.fowler@example.com,242-769-3953,67232 Elm St,Seattle,CA,30353
Martin Charland,martin.charland@example.com,169-963-9866,66597 Broadway Ave,Dallas,GA,67246
Sharon Roberts,sharon.roberts@example.com,765-418-3453,28403 Maple St,New York,FL,54340
Mark Ferraro,mark.ferraro@test.com,319-161-5954,71902 Main St,Los Angeles,WA,53896
Roy Corrente,roy.corrente@yahoo.com,178-384-3539,53726 Maple St,Miami,NY,33961
James Buettner,james.buettner@abc.com,733-251-4288,74944 Elm St,Los Angeles,CA,52791
Pauline Chan,pauline.chan@abc.com,167-699-4011,51110 Broadway Ave,Los Angeles,NY,22318
Jessica Smith,jessica.smith@example.com,303-749-1475,54986 Maple St,Houston,IL,82926
Megan Blanke,megan.blanke@yahoo.com,520-190-3119,10086 Elm St,New York,GA,79533
Ronald Munch,ronald.munch@hotmail.com,234-754-1311,93928 Broadway Ave,Dallas,NY,31339
Crystal Jacob,crystal.jacob@hotmail.com,193-658-9558,33961 Broadway Ave,Miami,TX,31020
Jessica Francisco,jessica.francisco@gmail.com,118-770-7879,41243 Maple St,Los Angeles,WA,46602
Tracey Merritt,tracey.merritt@example.com,179-245-2143,88410 Elm St,Los Angeles,CA,25382
Rosella Evans,rosella.evans@abc.com,704-510-8176,50237 Broadway Ave,Houston,TX,11517
Pearline Longie,pearline.longie@gmail.com,769-392-9099,88077 Main St,New York,TX,50852
Leon Kee,leon.kee@hotmail.com,130-544-3130,77233 Main St,Miami,TX,50638
Melissa Doucette,melissa.doucette@test.com,565-280-8506,90381 Main St,New York,FL,96309
Fran Savage,fran.savage@gmail.com,122-348-3680,68626 Main St,San Diego,CA,87212
James Beachy,james.beachy@abc.com,720-988-2236,83465 Broadway Ave,San Francisco,IL,16030
Stephen Houston,stephen.houston@example.com,892-669-2364,55003 Elm St,Dallas,WA,30412
Frank Wells,frank.wells@example.com,502-277-3714,49672 Maple St,Atlanta,TX,81533
Thomas Lock,thomas.lock@gmail.com,258-235-8332,61241 Maple St,Los Angeles,FL,80129
Mary Anderson,mary.anderson@abc.com,928-339-9063,74097 Main St,Dallas,TX,85319
Sally Berger,sally.berger@example.com,932-866-9609,27002 Broadway Ave,Dallas,NY,34994
James Evans,james.evans@abc.com,727-374-7154,56391 Maple St,Seattle,CA,23634
Lauren Repinski,lauren.repinski@gmail.com,461-742-6412,73942 Elm St,Chicago,CA,21915
Amber Goodman,amber.goodman@example.com,142-294-2704,92345 Maple St,New York,GA,84142
Regina Alsina,regina.alsina@test.com,966-363-7869,40804 Maple St,Los Angeles,WA,14806
John Ezell,john.ezell@yahoo.com,402-179-8706,47409 Maple St,Seattle,NY,57310
Ernest Leonard,ernest.leonard@example.com,232-955-3810,43026 Elm St,Los Angeles,CA,71783
Peter White,peter.white@hotmail.com,516-606-1588,89583 Elm St,Los Angeles,CA,61423
Norman Sanchez,norman.sanchez@abc.com,623-785-9890,38363 Main St,Houston,WA,11407
Melvin Keefer,melvin.keefer@abc.com,871-797-1286,92916 Maple St,San Francisco,NY,77821
Gail Battson,gail.battson@yahoo.com,769-705-9083,74211 Broadway Ave,Los Angeles,TX,29208
Anthony Cason,anthony.cason@test.com,854-248-9757,50109 Maple St,Chicago,WA,29916
Rose Harr,rose.harr@yahoo.com,605-650-2055,93375 Elm St,Los Angeles,NY,14482
Antonio Mcdaniel,antonio.mcdaniel@gmail.com,495-829-8941,98798 Broadway Ave,Miami,FL,48284
Ryan Gilchrest,ryan.gilchrest@abc.com,728-167-6918,94014 Main St,Houston,IL,92664
Amos Lugo,amos.lugo@test.com,448-860-8304,64341 Broadway Ave,Chicago,GA,16212
Kathleen Kirkpatrick,kathleen.kirkpatrick@yahoo.com,523-971-2445,25207 Broadway Ave,Miami,WA,51662
Kathryn Ledford,kathryn.ledford@yahoo.com,458-486-4997,24495 Broadway Ave,Miami,TX,38034
Matthew Rapp,matthew.rapp@hotmail.com,181-648-2852,55499 Maple St,Chicago,FL,20046
Randolph Harada,randolph.harada@example.com,142-411-9655,80169 Broadway Ave,Houston,FL,64709
Gregory Delia,gregory.delia@hotmail.com,921-765-3421,22728 Maple St,New York,FL,93682
John Miller,john.miller@gmail.com,404-638-6874,90784 Maple St,Houston,FL,43210
Clifford York,clifford.york@gmail.com,403-279-9454,83300 Elm St,Los Angeles,NY,78463
Jaclyn Harris,jaclyn.harris@gmail.com,139-964-8700,46634 Maple St,Atlanta,FL,19918
Brittany Keith,brittany.keith@gmail.com,458-480-3091,62410 Maple St,Houston,IL,72495
Dawn Clawson,dawn.clawson@test.com,947-141-4492,53295 Elm St,Dallas,IL,59360
Robert King,robert.king@yahoo.com,154-228-4803,18617 Broadway Ave,Miami,FL,14483
Kimberly Dix,kimberly.dix@test.com,655-969-4939,43566 Main St,San Diego,IL,22569
Michelina Marsh,michelina.marsh@yahoo.com,969-609-1422,39619 Elm St,Seattle,CA,82789
John Barron,john.barron@example.com,298-879-9779,64981 Main St,San Diego,NY,21616
Jack Schiffer,jack.schiffer@gmail.com,235-371-7576,19200 Maple St,San Francisco,CA,77474
William Ramos,william.ramos@gmail.com,302-788-1066,38970 Elm St,New York,CA,38665
Christopher Stachura,christopher.stachura@gmail.com,718-740-1276,33672 Broadway Ave,Miami,IL,58539
Debra Craig,debra.craig@hotmail.com,630-279-4747,92717 Elm St,Houston,NY,92128
Michelle Rhoads,michelle.rhoads@test.com,776-569-7461,90884 Broadway Ave,Houston,CA,46342
George Hernandez,george.hernandez@test.com,352-420-9827,93647 Main St,Houston,GA,41917
Stephen Fox,stephen.fox@test.com,224-982-4162,29239 Main St,Dallas,NY,12844
Donna Cherry,donna.cherry@test.com,933-798-5613,85624 Broadway Ave,Houston,GA,72264
Randy Cook,randy.cook@example.com,830-106-9801,54547 Main St,Houston,WA,86581
Paul Barnett,paul.barnett@example.com,260-989-6703,69348 Main St,Miami,NY,78410
Betty Cooper,betty.cooper@abc.com,209-769-1392,87694 Broadway Ave,San Diego,NY,48763
Jesse Hughes,jesse.hughes@abc.com,206-362-7901,33669 Main St,San Francisco,GA,20057
Lillian Mullen,lillian.mullen@example.com,885-862-7295,60583 Broadway Ave,Houston,GA,33621
Patricia Taylor,patricia.taylor@example.com,642-268-5391,65076 Elm St,Atlanta,FL,59942
Emma Pyne,emma.pyne@hotmail.com,430-864-3394,81917 Main St,Chicago,NY,39874
Amber Eadie,amber.eadie@hotmail.com,331-746-3770,80803 Main St,Los Angeles,CA,18035
Vincent Mynatt,vincent.mynatt@hotmail.com,566-979-3837,55508 Broadway Ave,Dallas,WA,69591
Geneva Frisbie,geneva.frisbie@abc.com,501-986-7984,61022 Broadway Ave,Seattle,FL,93217
Amanda Novak,amanda.novak@abc.com,210-600-7794,74544 Elm St,San Diego,GA,98647
Timothy Norton,timothy.norton@example.com,400-240-1477,36018 Maple St,San Francisco,CA,25193
Darrell Armstrong,darrell.armstrong@gmail.com,633-293-6317,11436 Elm St,Los Angeles,WA,54932
Charles Villamar,charles.villamar@gmail.com,906-283-8742,67831 Broadway Ave,New York,FL,30266
Bernice Brooks,bernice.brooks@example.com,457-862-2859,50031 Maple St,Dallas,IL,71397
Robert Blackman,robert.blackman@example.com,610-438-1471,97652 Broadway Ave,Miami,GA,59938
Sharon Spencer,sharon.spencer@example.com,659-585-6650,88726 Elm St,San Francisco,TX,71533
Alice Schoeneck,alice.schoeneck@yahoo.com,122-701-1781,67009 Broadway Ave,Atlanta,WA,30684
Jewell Sims,jewell.sims@yahoo.com,593-965-9043,81052 Elm St,San Diego,CA,57009
Lisa Williams,lisa.williams@abc.com,482-411-4325,71188 Broadway Ave,Los Angeles,NY,89752
Melissa Carney,melissa.carney@example.com,628-148-2535,33784 Elm St,San Diego,WA,86834
Denise Barlow,denise.barlow@hotmail.com,538-227-4295,65174 Main St,Seattle,GA,71849
Christine Webb,christine.webb@example.com,255-268-1725,23382 Elm St,Atlanta,WA,41875
Deborah Vojna,deborah.vojna@test.com,933-557-2301,88436 Maple St,Chicago,CA,96013
Angie Berry,angie.berry@test.com,520-197-6742,64513 Maple St,Houston,WA,21986
Dale Hudson,dale.hudson@yahoo.com,523-341-4321,51722 Main St,Atlanta,TX,73142
Joshua Maldonado,joshua.maldonado@gmail.com,788-529-5723,10021 Main St,Dallas,GA,84582
Rochelle Blake,rochelle.blake@yahoo.com,133-143-3605,12447 Broadway Ave,San Diego,CA,74850
Tammy Booth,tammy.booth@gmail.com,304-190-5672,22776 Main St,San Francisco,NY,69534
Betty Myers,betty.myers@yahoo.com,999-706-5027,16351 Maple St,Miami,CA,83847
Ronnie Hobden,ronnie.hobden@gmail.com,969-520-2944,91050 Broadway Ave,San Diego,WA,71678
Jason Moore,jason.moore@abc.com,114-346-3588,13917 Main St,San Diego,WA,13887
Edward Pfau,edward.pfau@example.com,347-979-1387,67875 Maple St,Seattle,WA,57077
Jeffrey Garner,jeffrey.garner@test.com,566-583-3575,90431 Maple St,Atlanta,GA,31177
Arnold Anglin,arnold.anglin@example.com,744-825-9881,48555 Elm St,Los Angeles,WA,88338
Sandra Falcon,sandra.falcon@example.com,207-975-4600,28960 Maple St,San Diego,GA,22509
Paul Reynolds,paul.reynolds@example.com,224-141-5497,61470 Main St,Miami,CA,61517
Lana Bass,lana.bass@abc.com,966-186-7692,97832 Maple St,New York,FL,78307
Richard Wood,richard.wood@hotmail.com,928-974-3551,33409 Elm St,Atlanta,NY,52628
Maria Krueger,maria.krueger@gmail.com,122-699-9747,45615 Maple St,Houston,TX,82798
Leroy Rios,leroy.rios@test.com,629-923-3314,61300 Main St,Atlanta,WA,51439
Clint Bohn,clint.bohn@yahoo.com,856-553-3833,19782 Main St,Miami,NY,42896
Beverly Russell,beverly.russell@abc.com,923-612-7037,34702 Main St,Atlanta,CA,79738
Carmen Schartz,carmen.schartz@yahoo.com,141-633-8452,15331 Maple St,Miami,WA,77853
Linda Brown,linda.brown@hotmail.com,931-203-7939,79234 Broadway Ave,Atlanta,WA,26284
Duane Rowald,duane.rowald@gmail.com,225-839-8993,97227 Maple St,Los Angeles,FL,10242
Alexandra Bailly,alexandra.bailly@test.com,704-447-7804,29433 Broadway Ave,New York,GA,18315
Franklin Harbour,franklin.harbour@yahoo.com,736-684-2788,17156 Elm St,Chicago,TX,47474
Effie Taylor,effie.taylor@test.com,822-134-5717,87358 Main St,Chicago,GA,73726
Charles Robinson,charles.robinson@gmail.com,902-307-1151,63558 Broadway Ave,Atlanta,GA,88509
Alyson Hollie,alyson.hollie@hotmail.com,394-654-3744,66436 Main St,Chicago,GA,56903
Dennis Cooke,dennis.cooke@test.com,445-950-5283,40522 Maple St,Houston,NY,30075
Jimmy Rojas,jimmy.rojas@example.com,375-897-8251,67279 Main St,Houston,TX,12088
Jeremy Beasley,jeremy.beasley@gmail.com,161-583-5441,47454 Broadway Ave,Seattle,FL,18668
Elizabeth Austin,elizabeth.austin@hotmail.com,990-867-6296,61486 Main St,San Diego,NY,98367
Christopher Avila,christopher.avila@example.com,736-597-6187,50027 Broadway Ave,Miami,NY,97720
Raymond Rogan,raymond.rogan@hotmail.com,769-671-6681,30924 Elm St,New York,CA,34986
Teresa Smith,teresa.smith@gmail.com,482-403-7791,18665 Elm St,Miami,GA,53317
Aaron Lujan,aaron.lujan@hotmail.com,813-372-3979,94675 Maple St,Houston,CA,98566
Margret Thompson,margret.thompson@abc.com,600-378-1279,24775 Elm St,Dallas,GA,23130
Julia Helms,julia.helms@yahoo.com,124-875-7960,57783 Elm St,Los Angeles,WA,91392
David Birdsell,david.birdsell@test.com,301-872-1686,31658 Main St,San Francisco,TX,87653
Christopher Brown,christopher.brown@example.com,684-383-6099,66507 Elm St,San Francisco,CA,18993
Wayne Hsiao,wayne.hsiao@test.com,550-356-9479,86664 Maple St,Miami,GA,91882
Donald Knight,donald.knight@yahoo.com,956-726-7619,65423 Broadway Ave,Los Angeles,GA,25007
Bryan Bearden,bryan.bearden@example.com,556-415-1963,35249 Maple St,Atlanta,CA,98568
Timothy Crosby,timothy.crosby@abc.com,358-788-7667,99747 Main St,San Francisco,WA,59213
Kathy Frank,kathy.frank@gmail.com,795-347-9570,52352 Elm St,Houston,FL,56685
Rosella Jones,rosella.jones@yahoo.com,144-523-8744,29750 Broadway Ave,Atlanta,IL,21501
Armando Telleria,armando.telleria@yahoo.com,420-381-5361,19920 Main St,Dallas,WA,58354
Rosie Grier,rosie.grier@hotmail.com,765-272-1686,23970 Broadway Ave,Los Angeles,TX,90416
Sara Orzechowski,sara.orzechowski@gmail.com,632-341-4109,98276 Main St,San Diego,TX,49350
Dolores Cochran,dolores.cochran@test.com,499-686-8776,92003 Elm St,San Diego,IL,70134
Alma Sanders,alma.sanders@hotmail.com,227-233-2305,37233 Broadway Ave,Atlanta,CA,98222
Lamar Crane,lamar.crane@gmail.com,758-305-4476,48839 Maple St,Los Angeles,IL,25824
Erika Hurley,erika.hurley@test.com,787-873-7037,56071 Maple St,New York,WA,26894
Susan Johnson,susan.johnson@hotmail.com,758-776-8729,23057 Elm St,Los Angeles,IL,79852
Mallory Tejada,mallory.tejada@hotmail.com,181-905-5033,18706 Elm St,Chicago,CA,51672
Rachel Mckinley,rachel.mckinley@test.com,409-304-3921,32055 Main St,New York,TX,79456
Joe Morris,joe.morris@abc.com,985-175-3429,21100 Elm St,Houston,FL,95923
Deshawn Summers,deshawn.summers@test.com,167-784-5035,72140 Broadway Ave,Chicago,CA,98310
Karrie Parker,karrie.parker@test.com,493-789-2657,91112 Elm St,Atlanta,TX,60254
Michael Mccray,michael.mccray@yahoo.com,377-276-9539,92713 Broadway Ave,Atlanta,GA,78888
Deborah Restivo,deborah.restivo@yahoo.com,361-753-9737,64558 Elm St,Los Angeles,NY,76952
Bryan Stuart,bryan.stuart@abc.com,433-206-3658,65936 Broadway Ave,Los Angeles,FL,53539
Ronald Odonnell,ronald.odonnell@abc.com,667-564-8549,35435 Maple St,Houston,FL,14750
Freda Cabaniss,freda.cabaniss@hotmail.com,859-353-5238,55707 Maple St,New York,GA,24096
Dolores Walden,dolores.walden@test.com,606-819-2474,23736 Elm St,Los Angeles,CA,46516
Patricia Davison,patricia.davison@yahoo.com,525-690-5390,88034 Maple St,Los Angeles,IL,36560
Thomas Swain,thomas.swain@abc.com,107-130-6972,73018 Maple St,Los Angeles,IL,63429
Michele Bynum,michele.bynum@example.com,927-357-7553,46460 Broadway Ave,Miami,NY,49301
Patricia Larocque,patricia.larocque@yahoo.com,400-792-4091,72499 Main St,Atlanta,TX,38015
Alvaro Hinton,alvaro.hinton@example.com,839-374-6888,99189 Maple St,Dallas,IL,45605
Jan Bell,jan.bell@yahoo.com,443-620-7139,14439 Maple St,San Francisco,GA,30770
Andrea Walker,andrea.walker@example.com,892-590-9187,29032 Elm St,San Francisco,FL,28528
Deborah Alier,deborah.alier@gmail.com,394-379-1762,58971 Broadway Ave,Houston,FL,76330
Kent Rocha,kent.rocha@gmail.com,317-533-9567,90097 Maple St,San Francisco,GA,91390
Nestor Alexander,nestor.alexander@gmail.com,383-947-6668,44596 Broadway Ave,Atlanta,GA,27840
Donald Buchman,donald.buchman@yahoo.com,274-262-8232,65514 Maple St,San Diego,NY,32678
Hubert Anaya,hubert.anaya@abc.com,589-735-8545,86621 Elm St,Seattle,IL,85059
Florence Alvarado,florence.alvarado@abc.com,594-245-6200,84560 Main St,Dallas,IL,25297
Mark Franzese,mark.franzese@hotmail.com,312-682-9637,10179 Maple St,San Francisco,CA,34950
Robert Glessner,robert.glessner@example.com,832-450-5496,23496 Elm St,San Diego,IL,58156
Elizabeth Rivera,elizabeth.rivera@hotmail.com,174-942-8437,88370 Main St,Atlanta,IL,44003
Maria Smalls,maria.smalls@abc.com,284-743-4427,69018 Maple St,Houston,TX,24569
Mary Hunstad,mary.hunstad@test.com,551-687-6062,12542 Main St,Los Angeles,NY,68195
Randy Sibley,randy.sibley@test.com,864-264-4289,39187 Broadway Ave,San Diego,GA,31120
Henry Cooper,henry.cooper@hotmail.com,461-937-3173,52544 Broadway Ave,San Francisco,TX,94120
Tiffiny Gaver,tiffiny.gaver@gmail.com,444-156-6631,21052 Broadway Ave,Los Angeles,CA,80718
Kim Scott,kim.scott@test.com,687-584-3904,60764 Main St,Los Angeles,WA,25048
Monika King,monika.king@test.com,908-464-8001,72189 Broadway Ave,Los Angeles,FL,63985
Fannie Ellsworth,fannie.ellsworth@test.com,426-252-6454,59991 Elm St,Atlanta,NY,90474
Allan West,allan.west@yahoo.com,241-369-4416,99762 Maple St,Chicago,TX,84242
Aaron Richardson,aaron.richardson@example.com,892-600-1093,77574 Broadway Ave,New York,FL,75531
Bobby Nelson,bobby.nelson@hotmail.com,924-219-5366,65184 Broadway Ave,San Francisco,TX,70938
Jesse Walker,jesse.walker@test.com,270-951-8650,30040 Elm St,San Francisco,NY,64538
Gary Balducci,gary.balducci@example.com,582-203-8872,44567 Main St,New York,IL,12866
Elva Haddock,elva.haddock@yahoo.com,931-980-4557,51807 Broadway Ave,Atlanta,NY,33930
Beverly Fruge,beverly.fruge@abc.com,178-863-4875,52276 Elm St,Houston,FL,22883
Nelson Phillips,nelson.phillips@hotmail.com,797-829-9876,70942 Elm St,New York,FL,86109
Dennis Bailey,dennis.bailey@yahoo.com,219-558-5445,96737 Elm St,San Diego,CA,35145
Tara Mason,tara.mason@abc.com,231-348-1454,26289 Elm St,Chicago,GA,30205
Esther Nelson,esther.nelson@hotmail.com,555-310-5148,62597 Elm St,San Diego,CA,72329
Emil Kubota,emil.kubota@example.com,187-846-6832,59029 Maple St,Dallas,CA,72557
Thomas Clevenger,thomas.clevenger@hotmail.com,420-887-6642,82777 Main St,San Francisco,CA,91062
Dennis Robinson,dennis.robinson@gmail.com,256-234-5782,86059 Main St,Miami,IL,26637
Lisa Houghtaling,lisa.houghtaling@gmail.com,676-421-4897,63749 Maple St,San Francisco,FL,81897
Willis Pfeffer,willis.pfeffer@yahoo.com,977-726-5086,83222 Maple St,Chicago,IL,54358
Edna Dean,edna.dean@example.com,842-620-4072,75704 Elm St,New York,CA,88233
Sandra Jackson,sandra.jackson@gmail.com,129-796-1498,85297 Elm St,New York,GA,12139
Bethany Seidl,bethany.seidl@gmail.com,969-936-4387,16558 Elm St,San Diego,FL,35114
Rosie Curley,rosie.curley@hotmail.com,841-679-4129,22989 Elm St,Los Angeles,NY,86803
Wilma Timm,wilma.timm@hotmail.com,788-681-5082,76893 Elm St,Chicago,NY,19855
Brian Mimnaugh,brian.mimnaugh@hotmail.com,952-138-7808,96299 Elm St,San Diego,TX,17859
Phil Vail,phil.vail@abc.com,177-762-8864,51253 Main St,Seattle,WA,76065
Alvina Richter,alvina.richter@test.com,399-748-9326,92658 Broadway Ave,Dallas,FL,51562
Jerry Bliss,jerry.bliss@example.com,513-716-2067,20766 Maple St,Houston,TX,13002
Cheryl Dubinsky,cheryl.dubinsky@abc.com,431-895-8714,87144 Main St,San Diego,TX,85307
Catherine Myatt,catherine.myatt@yahoo.com,470-304-4585,25214 Main St,Chicago,GA,91813
Anthony Walden,anthony.walden@abc.com,391-531-3553,31056 Maple St,San Diego,FL,62284
Robert Laporte,robert.laporte@test.com,581-692-1544,59941 Maple St,New York,FL,48725
Vanessa Dennis,vanessa.dennis@hotmail.com,221-830-8982,37911 Main St,Atlanta,WA,77310
Richard Douthit,richard.douthit@example.com,166-598-9544,10692 Maple St,Dallas,NY,61217
Orlando Botts,orlando.botts@example.com,354-431-2599,20127 Elm St,Los Angeles,GA,78876
Selina Miner,selina.miner@example.com,847-390-9252,55814 Elm St,Houston,TX,49831
Dale Shilt,dale.shilt@test.com,332-529-1679,23873 Maple St,Houston,WA,32198
Miguel Alexander,miguel.alexander@example.com,707-822-4384,78392 Maple St,Houston,CA,76786
David Arrant,david.arrant@example.com,577-867-6974,95778 Main St,Seattle,GA,27127
Ashanti Solem,ashanti.solem@yahoo.com,473-806-3740,61576 Main St,Chicago,FL,51251
Christopher Quezad,christopher.quezad@abc.com,978-173-9382,32584 Elm St,Seattle,WA,35093
Cristobal Ballantyne,cristobal.ballantyne@yahoo.com,640-122-9822,43174 Main St,San Francisco,IL,45664
Lucy Eddins,lucy.eddins@abc.com,616-204-2988,86741 Elm St,San Diego,FL,35741
Jerry Jackson,jerry.jackson@hotmail.com,765-352-4826,13623 Main St,Los Angeles,IL,23994
Brandy Toti,brandy.toti@example.com,854-372-1617,80475 Elm St,Dallas,IL,22794
Beatriz Pickett,beatriz.pickett@example.com,338-119-5223,11682 Main St,San Francisco,TX,69901
Marie Kim,marie.kim@gmail.com,471-344-6296,81201 Maple St,Atlanta,TX,93050
Joanne Huffman,joanne.huffman@gmail.com,321-648-4235,59200 Maple St,Seattle,GA,63194
Christopher Butler,christopher.butler@test.com,984-696-2003,31329 Main St,Atlanta,NY,68978
Wilfred Steinberg,wilfred.steinberg@gmail.com,269-254-2248,61525 Elm St,San Diego,TX,53497
Fatima Hanisch,fatima.hanisch@hotmail.com,294-321-8436,49821 Elm St,Atlanta,GA,24751
Patricia Sokol,patricia.sokol@test.com,934-400-4319,82500 Main St,Los Angeles,CA,44994
Donald Price,donald.price@example.com,146-471-3317,13959 Maple St,San Diego,TX,13436
Debra Bustos,debra.bustos@gmail.com,188-791-2189,47765 Elm St,Dallas,GA,56173
William Stallings,william.stallings@test.com,397-697-9993,54171 Elm St,San Diego,CA,15793
John Thompson,john.thompson@test.com,519-530-6046,62430 Maple St,San Francisco,WA,46789
Paul Baker,paul.baker@test.com,966-497-3104,44072 Maple St,Miami,WA,91716
Michael Burns,michael.burns@example.com,659-272-6980,12888 Main St,Miami,TX,59338
Nikita Musselwhite,nikita.musselwhite@hotmail.com,348-650-1222,96964 Main St,Seattle,FL,63371
Ross Hurwitz,ross.hurwitz@hotmail.com,815-892-1738,16842 Maple St,Atlanta,IL,61831
Candice Gallegos,candice.gallegos@hotmail.com,109-900-4652,66925 Broadway Ave,Chicago,TX,38141
Eula Smith,eula.smith@example.com,591-660-3442,81060 Maple St,San Francisco,IL,90922
Maria Griego,maria.griego@test.com,680-207-4749,50106 Elm St,San Francisco,GA,71613
Denise Briggs,denise.briggs@example.com,146-328-1959,23540 Maple St,San Francisco,CA,70424
Terri Thompson,terri.thompson@example.com,353-134-3055,61821 Broadway Ave,Los Angeles,WA,48681
Jerome Prince,jerome.prince@test.com,630-327-1797,30560 Maple St,Los Angeles,WA,29526
Allan Tower,allan.tower@test.com,298-840-4378,98603 Broadway Ave,San Diego,WA,30989
Gloria Slivka,gloria.slivka@test.com,330-614-7306,83022 Maple St,San Francisco,NY,93021
Frank Scofield,frank.scofield@abc.com,231-111-5913,64184 Elm St,Chicago,WA,36497
Frank Duke,frank.duke@test.com,656-494-2086,47590 Elm St,Seattle,TX,86007
Carl Logan,carl.logan@yahoo.com,962-267-2467,83567 Maple St,Miami,NY,61648
Rodney Mathis,rodney.mathis@test.com,590-886-3760,97571 Maple St,Chicago,GA,29740
Anthony Alicea,anthony.alicea@example.com,532-559-8217,81139 Maple St,Atlanta,TX,52782
Priscilla Babers,priscilla.babers@gmail.com,167-360-3808,59719 Elm St,Houston,TX,70342
Robert Arispe,robert.arispe@abc.com,354-359-9633,25034 Maple St,Chicago,NY,34182
Jeremy Osterstuck,jeremy.osterstuck@test.com,885-491-1498,98438 Elm St,Miami,NY,86447
Robert Moose,robert.moose@abc.com,519-944-5082,77357 Maple St,San Francisco,CA,28894
Elizabeth Sanchez,elizabeth.sanchez@abc.com,374-574-2032,87824 Elm St,San Diego,TX,18080
Jacob Lyon,jacob.lyon@test.com,858-672-6754,83810 Maple St,Chicago,CA,76188
David Ruic,david.ruic@example.com,971-363-1628,65481 Maple St,San Francisco,IL,73258
William Moore,william.moore@test.com,786-701-9653,42114 Elm St,Los Angeles,FL,47187
Karen Melton,karen.melton@gmail.com,446-819-1367,78405 Broadway Ave,Atlanta,TX,26593
Annette Hollingsworth,annette.hollingsworth@hotmail.com,758-569-1124,96075 Elm St,San Diego,FL,95650
Susie Maguire,susie.maguire@gmail.com,511-987-5833,74671 Maple St,Dallas,CA,92962
Donald Rodriguez,donald.rodriguez@example.com,402-341-2500,83467 Main St,Miami,FL,82033
Daniel Fernandez,daniel.fernandez@hotmail.com,735-429-4241,57590 Broadway Ave,San Diego,WA,14974
Nancy Jenkins,nancy.jenkins@yahoo.com,516-175-8074,17159 Maple St,Atlanta,CA,68920
Wesley Mitchell,wesley.mitchell@hotmail.com,653-714-1479,44094 Maple St,Los Angeles,FL,49108
Barbara Joiner,barbara.joiner@gmail.com,499-590-1734,35388 Broadway Ave,San Francisco,GA,71749
Mary Mecham,mary.mecham@abc.com,949-653-7680,66217 Broadway Ave,Chicago,CA,24135
Jose Coley,jose.coley@yahoo.com,442-532-4558,98635 Maple St,Seattle,NY,71408
Margie Richards,margie.richards@test.com,358-744-8802,19418 Main St,Seattle,NY,76840
Nancy Jankowski,nancy.jankowski@example.com,904-506-1397,97367 Main St,Seattle,GA,58484
Kelly Cerda,kelly.cerda@abc.com,683-976-4651,61366 Main St,New York,CA,48124
Carol Reddick,carol.reddick@gmail.com,869-275-1443,20057 Elm St,Seattle,IL,65595
Bonny Martin,bonny.martin@example.com,225-448-5772,12497 Main St,San Francisco,NY,34859
Ginger Bethel,ginger.bethel@example.com,718-473-3240,67371 Elm St,New York,IL,87368
Cary Rollins,cary.rollins@yahoo.com,230-721-8288,76800 Maple St,San Francisco,WA,46660
Kay Davia,kay.davia@example.com,199-613-2812,46749 Maple St,Atlanta,IL,56665
Tonya Underdown,tonya.underdown@gmail.com,625-158-4859,19262 Broadway Ave,Atlanta,TX,51737
Kathleen Elkins,kathleen.elkins@yahoo.com,733-101-8530,35679 Elm St,Dallas,GA,16826
Joanne Harding,joanne.harding@gmail.com,644-892-1714,40113 Main St,San Diego,NY,82633
Kim Smith,kim.smith@example.com,626-248-2731,38500 Main St,New York,CA,78545
Sidney Hancock,sidney.hancock@test.com,928-236-8007,44948 Broadway Ave,New York,CA,54291
Vivian Miles,vivian.miles@abc.com,551-387-8451,59983 Main St,Miami,CA,52595
John Vickers,john.vickers@example.com,441-589-9386,10840 Broadway Ave,Seattle,GA,19804
Lin Houde,lin.houde@yahoo.com,548-826-1804,64845 Elm St,Atlanta,IL,62601
Duane Reed,duane.reed@abc.com,188-645-7786,82455 Main St,Houston,IL,14412
Ronald Cuevas,ronald.cuevas@yahoo.com,996-925-3877,92342 Elm St,Atlanta,GA,98347
Caroline Evans,caroline.evans@hotmail.com,448-724-7974,51261 Maple St,San Francisco,CA,78583
Sarah Peraza,sarah.peraza@yahoo.com,500-674-7378,37675 Broadway Ave,Miami,TX,58164
Alfred Jones,alfred.jones@abc.com,171-199-8633,26819 Broadway Ave,Seattle,FL,43322
Joyce Robinson,joyce.robinson@yahoo.com,308-747-2271,54654 Main St,Atlanta,CA,77542
Roberta Wilson,roberta.wilson@gmail.com,514-239-8671,81375 Elm St,Seattle,CA,28941
Elizabeth Carlo,elizabeth.carlo@gmail.com,182-181-3885,93712 Broadway Ave,Miami,GA,78848
David Harmon,david.harmon@example.com,970-370-7164,43911 Broadway Ave,Los Angeles,WA,32355
Charlotte Loveall,charlotte.loveall@abc.com,385-229-3102,22173 Elm St,Los Angeles,IL,46340
Judy Artis,judy.artis@gmail.com,323-600-1399,55558 Elm St,San Francisco,GA,31479
Charles Taul,charles.taul@test.com,355-631-9752,70340 Elm St,San Diego,WA,30506
Joseph Hubenthal,joseph.hubenthal@yahoo.com,498-990-1545,38442 Maple St,San Francisco,CA,72399
Roland Carr,roland.carr@example.com,711-594-8891,42250 Broadway Ave,San Francisco,NY,26848
Krissy Pace,krissy.pace@yahoo.com,629-461-7152,75136 Main St,Houston,IL,28420
Hollie Bolinger,hollie.bolinger@test.com,549-931-3754,79772 Elm St,Houston,CA,93832
Stanley Withers,stanley.withers@abc.com,141-508-1218,81943 Maple St,Los Angeles,WA,15672
James Norton,james.norton@yahoo.com,916-886-4526,59748 Elm St,Miami,GA,95070
Maria Caponera,maria.caponera@test.com,522-121-3811,52398 Main St,San Diego,NY,46821
Thomas Matthews,thomas.matthews@hotmail.com,823-309-9031,22641 Elm St,Chicago,WA,99076
Leona Smith,leona.smith@abc.com,972-772-1476,67273 Main St,New York,NY,46985
Charles Omara,charles.omara@example.com,514-668-9782,15068 Main St,San Francisco,TX,31040
Linda Douglass,linda.douglass@hotmail.com,965-491-1904,73581 Broadway Ave,Atlanta,TX,35266
Erma Doucett,erma.doucett@example.com,988-899-5319,49921 Maple St,Dallas,WA,13070
Eric Ulatowski,eric.ulatowski@test.com,277-363-2172,23217 Elm St,New York,GA,23618
Shara Canavan,shara.canavan@abc.com,176-488-6090,75465 Maple St,Miami,CA,55272
Lori Branz,lori.branz@test.com,346-124-6094,70270 Main St,Dallas,WA,42019
Lillian Waters,lillian.waters@test.com,373-849-5378,47507 Elm St,Seattle,WA,21901
Pamela Wysong,pamela.wysong@hotmail.com,761-400-9096,67754 Broadway Ave,Miami,NY,43396
Anita Alford,anita.alford@example.com,451-776-6517,46300 Broadway Ave,Seattle,TX,21025
Ira Davidson,ira.davidson@gmail.com,431-843-7435,59721 Elm St,Miami,TX,50469
Georgia Bennett,georgia.bennett@gmail.com,378-983-8554,13959 Elm St,Seattle,GA,99207
Betty Gallegos,betty.gallegos@test.com,589-411-3558,90779 Maple St,Miami,TX,94205
Timothy Mellott,timothy.mellott@test.com,233-258-5004,75066 Broadway Ave,Los Angeles,CA,85966
Mary Masters,mary.masters@test.com,793-626-5979,11551 Main St,Dallas,FL,91161
Norbert Vidrine,norbert.vidrine@example.com,777-269-5677,15603 Broadway Ave,Houston,WA,89855
Mark Stackhouse,mark.stackhouse@hotmail.com,531-624-4262,90502 Main St,New York,NY,95528
Gloria Kupchinsky,gloria.kupchinsky@example.com,863-292-5011,46127 Maple St,Chicago,WA,37487
Leonardo Newbury,leonardo.newbury@example.com,285-369-6208,90525 Broadway Ave,San Diego,IL,86050
Jim Dixon,jim.dixon@abc.com,669-322-5191,37781 Broadway Ave,San Francisco,WA,16713
Amy Watkins,amy.watkins@yahoo.com,588-417-3427,30300 Broadway Ave,Los Angeles,GA,88667
Tracey Pennell,tracey.pennell@abc.com,368-757-3229,94552 Main St,Los Angeles,WA,37136
Trevor Price,trevor.price@example.com,582-855-6697,16545 Maple St,New York,FL,16611
Corey Otero,corey.otero@test.com,949-470-6165,29062 Main St,Los Angeles,WA,72145
James Marie,james.marie@hotmail.com,395-790-5461,96198 Broadway Ave,Seattle,NY,66382
Elvira Mcmurray,elvira.mcmurray@abc.com,235-322-7677,68453 Main St,Houston,WA,94685
David Gordon,david.gordon@gmail.com,978-108-5528,11559 Main St,Dallas,CA,32031
Debra Polycarpe,debra.polycarpe@hotmail.com,988-158-1864,67220 Maple St,Houston,GA,89008
Steven Niebaum,steven.niebaum@example.com,527-656-8312,82378 Main St,Chicago,CA,74261
Latasha Jones,latasha.jones@gmail.com,794-104-5347,45078 Elm St,Chicago,NY,56363
Martha Daniel,martha.daniel@yahoo.com,364-659-9828,62747 Maple St,Miami,CA,76688
Dorie Hommel,dorie.hommel@example.com,428-102-2011,16221 Elm St,Dallas,CA,73308
Dwight Keomuangtai,dwight.keomuangtai@abc.com,381-330-3101,54364 Elm St,Miami,IL,95305
Benjamin Bolinger,benjamin.bolinger@test.com,706-165-2165,52649 Elm St,Dallas,IL,34855
Derek Augustine,derek.augustine@test.com,300-961-4149,37895 Maple St,New York,IL,29256
Kathy Glaab,kathy.glaab@gmail.com,238-571-9211,98073 Main St,New York,WA,99461
Steven Holderfield,steven.holderfield@gmail.com,976-832-4360,19597 Elm St,New York,FL,75455
John Banton,john.banton@gmail.com,738-548-2480,40157 Maple St,Atlanta,IL,68474
Mildred Kimmell,mildred.kimmell@abc.com,232-147-6466,17166 Broadway Ave,Miami,GA,84717
Stephen Johnson,stephen.johnson@yahoo.com,425-522-5211,68601 Broadway Ave,San Francisco,CA,41224
Agustin Pyle,agustin.pyle@test.com,303-404-5018,37891 Elm St,Houston,WA,27109
Delores Estrella,delores.estrella@gmail.com,258-487-2561,89349 Elm St,Chicago,IL,58952
Jose Maier,jose.maier@gmail.com,366-517-1212,30295 Broadway Ave,San Diego,NY,64160
Barbara Bynum,barbara.bynum@abc.com,722-644-7778,16413 Maple St,Miami,FL,13082
Robert Grisham,robert.grisham@test.com,401-757-4391,96067 Main St,Houston,WA,83795
William Diaz,william.diaz@hotmail.com,811-553-5947,52865 Maple St,Houston,IL,87813
Albert Logsdon,albert.logsdon@test.com,647-774-7263,28993 Elm St,Chicago,WA,33435
Jerry Alo,jerry.alo@abc.com,851-678-8057,88945 Maple St,San Diego,NY,21222
Bernard Rowe,bernard.rowe@yahoo.com,435-545-4013,93694 Elm St,Chicago,WA,62522
Rosalyn Frazier,rosalyn.frazier@hotmail.com,221-159-5214,68067 Elm St,Chicago,WA,37987
Terry Dinatale,terry.dinatale@hotmail.com,802-840-8423,98681 Main St,San Francisco,NY,11264
Richard Wauch,richard.wauch@gmail.com,379-113-5060,45330 Elm St,Atlanta,GA,54856
Joe Amaya,joe.amaya@hotmail.com,676-909-7135,37211 Broadway Ave,Los Angeles,GA,91464
Steve Ross,steve.ross@test.com,283-211-9021,13322 Elm St,New York,WA,76822
Donald Reyes,donald.reyes@test.com,721-874-6978,51296 Elm St,Los Angeles,TX,93417
Lillian Reamer,lillian.reamer@abc.com,490-105-7665,76984 Maple St,San Francisco,FL,13157
Barbara Kaauamo,barbara.kaauamo@abc.com,579-515-6761,49631 Elm St,San Francisco,GA,29079
Pearl Hadsall,pearl.hadsall@gmail.com,774-112-4132,21151 Broadway Ave,Chicago,WA,44943
Stephen Sweet,stephen.sweet@example.com,823-660-2693,77051 Elm St,Chicago,IL,71865
Melissa Newell,melissa.newell@gmail.com,416-704-9692,90194 Main St,San Diego,NY,67292
Freddy Skibbe,freddy.skibbe@gmail.com,592-984-4762,56569 Broadway Ave,San Diego,WA,12528
Christopher Schmitz,christopher.schmitz@gmail.com,831-323-1098,53321 Maple St,Houston,WA,20594
Christiane Figueroa,christiane.figueroa@test.com,505-410-4638,68091 Broadway Ave,Houston,NY,71058
Lynne Bilodeau,lynne.bilodeau@hotmail.com,928-313-1705,96379 Main St,Dallas,CA,23222
David Walker,david.walker@example.com,973-947-4232,15207 Main St,Atlanta,WA,25765
John Ruhlin,john.ruhlin@gmail.com,330-781-3193,60930 Elm St,Seattle,TX,89365
Derek Deleo,derek.deleo@yahoo.com,519-269-7631,77119 Main St,New York,GA,53362
Tiffany Gill,tiffany.gill@gmail.com,404-766-9276,84260 Main St,Atlanta,IL,75625
Anthony Elliott,anthony.elliott@test.com,866-751-8930,13558 Broadway Ave,Miami,FL,90413
Jerry Gariepy,jerry.gariepy@test.com,329-405-1581,42955 Maple St,San Diego,GA,85055
James Johnson,james.johnson@example.com,346-584-1116,28039 Maple St,Miami,NY,69862
Anthony Brashier,anthony.brashier@yahoo.com,930-592-9851,82433 Maple St,Los Angeles,CA,49509
Jean Vidot,jean.vidot@gmail.com,191-530-6746,69729 Broadway Ave,San Diego,TX,18405
Kurt Ferrante,kurt.ferrante@gmail.com,994-505-3617,94322 Elm St,New York,CA,98100
Dan Zych,dan.zych@yahoo.com,774-758-3189,64811 Maple St,Miami,TX,20332
Glenna Eisentrout,glenna.eisentrout@test.com,492-859-4139,42827 Elm St,San Diego,WA,92747
Martha Pagano,martha.pagano@hotmail.com,272-287-4078,76734 Elm St,Seattle,NY,26643
Elizabeth Harder,elizabeth.harder@hotmail.com,835-689-2590,58368 Maple St,San Francisco,TX,49795
David Herman,david.herman@example.com,491-354-3101,77204 Maple St,Houston,TX,77000
Arthur Todd,arthur.todd@test.com,347-257-9307,99322 Maple St,Dallas,CA,97014
Annie Carson,annie.carson@example.com,768-611-9925,55119 Maple St,Miami,WA,95274
Dolores Fields,dolores.fields@hotmail.com,580-821-2857,58131 Broadway Ave,Houston,IL,13135
Michael Davis,michael.davis@test.com,810-640-5175,99379 Main St,San Francisco,NY,71310
Lisa Barnett,lisa.barnett@test.com,907-213-9594,10740 Broadway Ave,Los Angeles,IL,63349
Dennis Ontiveros,dennis.ontiveros@hotmail.com,755-545-5089,31883 Broadway Ave,Los Angeles,TX,64672
Kenneth Breen,kenneth.breen@hotmail.com,146-855-9153,66581 Main St,Chicago,FL,14263
Thomas James,thomas.james@example.com,991-174-3540,74052 Main St,Seattle,NY,62698
Marilyn Torres,marilyn.torres@test.com,997-732-3906,98218 Broadway Ave,Houston,GA,77183
Shirley Johnson,shirley.johnson@gmail.com,872-500-1452,84756 Broadway Ave,Chicago,CA,77389
Maria Duran,maria.duran@hotmail.com,553-496-2324,67997 Broadway Ave,San Francisco,GA,69422
Maria Hillman,maria.hillman@yahoo.com,345-522-6097,10228 Main St,Dallas,GA,10609
Ryan Hunt,ryan.hunt@yahoo.com,848-245-9164,36044 Main St,San Diego,CA,90938
William Neal,william.neal@hotmail.com,568-590-6879,89736 Main St,Atlanta,NY,59527
Neal Merchant,neal.merchant@test.com,115-769-7515,38889 Main St,San Diego,GA,20876
James Wardwell,james.wardwell@hotmail.com,716-828-7104,61120 Maple St,Houston,FL,76675
Krista Mccomas,krista.mccomas@abc.com,525-671-9252,95286 Main St,Los Angeles,FL,10459
Jeremy Koehler,jeremy.koehler@hotmail.com,940-487-5686,23480 Maple St,Seattle,IL,42983
Guillermo Thompson,guillermo.thompson@abc.com,193-528-1359,66028 Main St,Dallas,NY,30803
Michael Dinsmoor,michael.dinsmoor@test.com,677-685-5804,28009 Elm St,Houston,TX,25274
Daniel Ausdemore,daniel.ausdemore@yahoo.com,165-966-7531,81239 Maple St,Atlanta,WA,84665
Doris Hunter,doris.hunter@gmail.com,930-483-6862,14050 Elm St,San Diego,GA,79755
William Trujillo,william.trujillo@example.com,602-327-2005,17384 Main St,Los Angeles,IL,74984
Carlos Hackney,carlos.hackney@example.com,967-711-7439,96560 Elm St,Los Angeles,GA,88212
Judith Hanford,judith.hanford@gmail.com,289-378-8511,58168 Broadway Ave,San Francisco,NY,36874
Carlton Villa,carlton.villa@yahoo.com,408-271-4961,77401 Elm St,Dallas,NY,10500
Dorothy Romo,dorothy.romo@yahoo.com,767-884-1277,25672 Maple St,Dallas,WA,72013
Doris Horst,doris.horst@gmail.com,644-999-7876,59133 Elm St,Chicago,GA,98075
Simon Rodrigues,simon.rodrigues@hotmail.com,836-388-5386,33204 Maple St,Chicago,CA,52493
Joan Jones,joan.jones@test.com,647-666-8367,56255 Broadway Ave,Seattle,TX,87232
Angela Anderson,angela.anderson@hotmail.com,822-437-4708,66829 Broadway Ave,Houston,NY,39339
Kelly Reeves,kelly.reeves@example.com,441-911-2154,90914 Broadway Ave,Chicago,IL,22321
Amber Jennings,amber.jennings@example.com,223-801-1632,85260 Elm St,Houston,GA,64430
Harold Felker,harold.felker@gmail.com,446-822-1732,18129 Maple St,Chicago,FL,91977
Ada Simons,ada.simons@abc.com,167-461-5667,94604 Broadway Ave,New York,FL,27028
Maryann Freedman,maryann.freedman@abc.com,573-245-4022,35914 Main St,Los Angeles,NY,21873
Lucas Jones,lucas.jones@gmail.com,975-105-1584,28773 Main St,San Francisco,NY,14665
Erik Garcia,erik.garcia@hotmail.com,226-534-8575,88842 Maple St,San Francisco,CA,85003
Samuel Kamuda,samuel.kamuda@hotmail.com,568-874-8924,32952 Broadway Ave,Houston,WA,63471
Sean Edwards,sean.edwards@hotmail.com,409-405-9002,27305 Maple St,Dallas,IL,95674
Joseph Anwar,joseph.anwar@example.com,617-898-1859,75918 Main St,Dallas,CA,54804
Jesse Spilman,jesse.spilman@test.com,302-811-9190,12920 Broadway Ave,Los Angeles,IL,72172
Gabriel Shoemaker,gabriel.shoemaker@yahoo.com,848-804-6097,46882 Maple St,Chicago,TX,91042
Alberto Lang,alberto.lang@test.com,315-251-1702,66285 Maple St,Seattle,TX,98078
Brandon Harris,brandon.harris@gmail.com,517-998-6694,12749 Elm St,Seattle,WA,86308
Kris Miller,kris.miller@gmail.com,392-846-8748,49397 Main St,New York,CA,77868
Constance Turner,constance.turner@abc.com,607-618-9101,33464 Elm St,Los Angeles,TX,32959
Mary Reder,mary.reder@yahoo.com,966-294-1983,71136 Broadway Ave,San Francisco,GA,92251
Rebecca Cortez,rebecca.cortez@example.com,576-909-5132,61662 Main St,Dallas,WA,35173
Heather Hirsch,heather.hirsch@gmail.com,362-545-1630,25170 Elm St,Atlanta,FL,55086
Helen Florence,helen.florence@test.com,533-202-9010,16134 Broadway Ave,Houston,CA,37036
Sara Vanhorn,sara.vanhorn@yahoo.com,959-420-5425,43021 Elm St,Los Angeles,CA,26485
Belinda Richardson,belinda.richardson@test.com,663-551-7748,54846 Main St,Miami,TX,52062
Jose Smith,jose.smith@test.com,734-832-5623,38972 Elm St,Dallas,IL,75174
Dale Baise,dale.baise@hotmail.com,733-183-6295,17279 Maple St,Seattle,WA,98564
Douglas Vega,douglas.vega@example.com,639-125-1964,96328 Broadway Ave,Atlanta,WA,18908
Marvin Pratt,marvin.pratt@gmail.com,330-489-2006,29901 Broadway Ave,Miami,GA,18230
Nichol Brown,nichol.brown@test.com,863-229-2396,45473 Main St,San Francisco,TX,53217
Marie Pruitt,marie.pruitt@hotmail.com,345-672-4943,50937 Elm St,Los Angeles,TX,25133
John Martinez,john.martinez@gmail.com,482-347-9246,93746 Maple St,Houston,TX,12399
Antonia Broadway,antonia.broadway@gmail.com,876-987-7252,96100 Maple St,San Diego,NY,65353
Leonard Riehle,leonard.riehle@example.com,981-790-8891,68842 Main St,Chicago,WA,23815
Willie Soffel,willie.soffel@abc.com,790-466-3689,66675 Maple St,Chicago,NY,51479
Michael Cortez,michael.cortez@abc.com,686-685-5773,68812 Maple St,Los Angeles,FL,88021
Jason Rivera,jason.rivera@yahoo.com,774-998-9901,19573 Main St,Dallas,WA,84557
Douglas Bouchard,douglas.bouchard@abc.com,484-407-7306,78448 Elm St,Miami,IL,39805
Anthony Krieger,anthony.krieger@test.com,132-925-2623,95375 Elm St,Los Angeles,CA,53267
Lucy Wesley,lucy.wesley@yahoo.com,854-249-7951,63365 Maple St,Dallas,TX,27345
Theresa Wildman,theresa.wildman@abc.com,525-431-4538,19662 Main St,San Francisco,FL,43774
William Demello,william.demello@yahoo.com,484-118-8060,20068 Main St,Chicago,CA,70596
Chung Olvera,chung.olvera@hotmail.com,318-777-6415,66899 Maple St,Houston,NY,55438
Charles Brown,charles.brown@hotmail.com,186-801-2413,75149 Main St,Dallas,WA,96580
Willie Becton,willie.becton@abc.com,398-326-4683,30745 Main St,Miami,NY,25481
Jose Sherman,jose.sherman@yahoo.com,587-812-2532,34226 Elm St,San Francisco,TX,66123
Erin Lynn,erin.lynn@hotmail.com,530-753-9621,38340 Elm St,Atlanta,TX,28643
Mark Clark,mark.clark@abc.com,279-637-9816,97394 Maple St,San Diego,CA,57128
Kendra Douglas,kendra.douglas@test.com,837-165-8377,97096 Main St,Chicago,NY,55620
Susan Ramsey,susan.ramsey@gmail.com,469-539-2843,73697 Main St,San Diego,CA,41601
Bruno Meil,bruno.meil@test.com,690-143-8739,93873 Broadway Ave,Chicago,GA,10435
Jerry Maxfield,jerry.maxfield@yahoo.com,187-449-9465,18449 Main St,Atlanta,GA,67545
Sadie Jeronimo,sadie.jeronimo@yahoo.com,929-900-6771,21184 Elm St,Miami,WA,13927
William Hopkins,william.hopkins@hotmail.com,503-377-1058,97467 Elm St,San Francisco,WA,35284
Patrick Solano,patrick.solano@gmail.com,537-122-3511,40312 Maple St,Miami,NY,64483
Esther Jacobson,esther.jacobson@abc.com,687-313-8687,22571 Maple St,Seattle,GA,16787
Dorothy Stewart,dorothy.stewart@example.com,833-666-6986,66836 Broadway Ave,Atlanta,FL,91801
Kristal Medina,kristal.medina@hotmail.com,925-568-2322,12864 Main St,Atlanta,TX,96724
Sandra Dotson,sandra.dotson@gmail.com,826-769-8957,99537 Maple St,Atlanta,NY,13896
Donna Lewis,donna.lewis@test.com,954-558-2702,13350 Broadway Ave,Houston,FL,82497
Jerry Witman,jerry.witman@example.com,392-255-4428,60340 Elm St,Chicago,FL,21824
Loris Pina,loris.pina@yahoo.com,466-904-9428,64047 Broadway Ave,Houston,CA,27736
Gladys Marcum,gladys.marcum@abc.com,728-943-1813,45107 Maple St,Atlanta,CA,83564
Dwight Tedrick,dwight.tedrick@abc.com,879-172-8645,71043 Elm St,San Francisco,IL,42194
Jerry Daigle,jerry.daigle@abc.com,709-992-8749,17979 Maple St,San Diego,WA,62845
Richard Thomas,richard.thomas@hotmail.com,417-265-3734,28091 Maple St,Los Angeles,IL,25955
Bridget Parker,bridget.parker@yahoo.com,785-106-4840,88567 Elm St,Atlanta,TX,35436
Sharon Manske,sharon.manske@hotmail.com,515-781-9067,69803 Main St,Houston,CA,61835
Wanda Gehrmann,wanda.gehrmann@example.com,862-230-2833,44232 Broadway Ave,Dallas,GA,58279
Justin Sagraves,justin.sagraves@test.com,955-963-8821,33787 Elm St,Los Angeles,CA,35307
Maria Schier,maria.schier@gmail.com,783-528-1863,15435 Broadway Ave,San Diego,FL,28929
Charlie Downey,charlie.downey@abc.com,436-349-1988,38673 Broadway Ave,Chicago,CA,53286
Daniel Voves,daniel.voves@gmail.com,921-137-6044,18450 Maple St,San Francisco,WA,95171
James Bragg,james.bragg@example.com,160-984-3860,57842 Main St,Atlanta,TX,41370
Jessie Nelson,jessie.nelson@test.com,726-908-9586,83876 Broadway Ave,Seattle,GA,48285
Judy Miller,judy.miller@example.com,670-189-5439,45696 Maple St,San Diego,WA,80718
Dora Heilman,dora.heilman@hotmail.com,596-903-1851,51653 Main St,Dallas,FL,86837
John Motley,john.motley@hotmail.com,683-363-9450,95356 Elm St,Chicago,TX,64613
Ann Morelli,ann.morelli@hotmail.com,712-123-3873,36047 Elm St,Miami,IL,81212
Lazaro Woods,lazaro.woods@abc.com,571-936-7946,65280 Main St,New York,NY,62260
Anita Everette,anita.everette@hotmail.com,265-905-6436,89522 Maple St,Miami,TX,57599
Martha Hawke,martha.hawke@yahoo.com,856-505-1821,75357 Elm St,San Francisco,TX,41223
Howard Rivers,howard.rivers@example.com,868-122-8990,85358 Broadway Ave,Chicago,FL,68564
James Dimaio,james.dimaio@gmail.com,311-787-6721,96912 Elm St,Chicago,GA,46558
Archie Taylor,archie.taylor@example.com,673-108-4232,91625 Elm St,Atlanta,GA,13878
Theodore Beckett,theodore.beckett@gmail.com,637-728-7990,76208 Main St,Houston,GA,95352
Betty Ulrich,betty.ulrich@test.com,511-314-1409,61944 Maple St,Miami,CA,93017
Silvia Wagner,silvia.wagner@test.com,742-624-6271,30330 Elm St,Chicago,NY,92801
Leroy Teed,leroy.teed@hotmail.com,750-285-7638,45468 Maple St,San Francisco,WA,62094
Robert Coronel,robert.coronel@yahoo.com,639-803-7969,98743 Elm St,Los Angeles,CA,19685
Bernice Mccollough,bernice.mccollough@abc.com,963-850-5040,15892 Main St,Chicago,IL,20418
Stephen Agena,stephen.agena@example.com,598-773-1251,91038 Elm St,Miami,WA,87527
Dorothy Lyons,dorothy.lyons@gmail.com,261-122-7042,93815 Maple St,New York,TX,12195
Janice Chan,janice.chan@test.com,534-938-1567,53839 Elm St,Chicago,FL,97033
Donna Dubose,donna.dubose@abc.com,252-515-9415,50184 Elm St,Dallas,CA,69442
Andre Garrison,andre.garrison@yahoo.com,852-253-4093,52108 Main St,Seattle,CA,83263
Erik Haddock,erik.haddock@gmail.com,117-720-9874,42621 Maple St,San Diego,WA,55571
Ruth Reagan,ruth.reagan@yahoo.com,435-126-9156,11620 Broadway Ave,New York,GA,80555
Robert Clark,robert.clark@hotmail.com,228-164-6521,96293 Maple St,Houston,TX,76757
Robert Christensen,robert.christensen@hotmail.com,625-980-3311,30538 Elm St,Miami,TX,96654
James Nageotte,james.nageotte@abc.com,934-397-2703,71713 Broadway Ave,Dallas,CA,35634
Annie Tables,annie.tables@yahoo.com,684-826-5862,63072 Main St,Houston,GA,49851
Charles Gallegos,charles.gallegos@hotmail.com,356-131-1702,82054 Elm St,Houston,NY,34215
Alicia Payne,alicia.payne@gmail.com,183-717-9744,96378 Broadway Ave,New York,CA,34780
Jarod Hannah,jarod.hannah@test.com,262-400-5168,43491 Maple St,Seattle,NY,82823
Jose Black,jose.black@hotmail.com,517-757-4742,95003 Maple St,Los Angeles,GA,38374
Cynthia Prewitt,cynthia.prewitt@test.com,335-516-7103,16350 Maple St,Atlanta,CA,52009
Roberta Bradford,roberta.bradford@test.com,814-624-3895,49127 Main St,New York,CA,65426
Ruth Mcmahon,ruth.mcmahon@abc.com,508-554-3474,16682 Main St,San Francisco,IL,29172
Nancy Kral,nancy.kral@test.com,925-891-8352,99190 Maple St,Dallas,NY,31529
Alonzo Kelley,alonzo.kelley@yahoo.com,951-919-9453,51052 Broadway Ave,Atlanta,IL,54501
Nellie Clark,nellie.clark@gmail.com,809-929-8731,14639 Maple St,San Diego,CA,82550
Margie Grimes,margie.grimes@hotmail.com,182-996-8453,84629 Elm St,Los Angeles,TX,75275
Carl Mason,carl.mason@yahoo.com,674-222-8561,57090 Maple St,Los Angeles,FL,76522
Mary Curtin,mary.curtin@example.com,990-894-1440,57690 Main St,New York,FL,97572
Rebecca Bradshaw,rebecca.bradshaw@hotmail.com,318-404-5635,80529 Main St,New York,FL,76238
Carol Sessions,carol.sessions@hotmail.com,107-202-2329,27874 Broadway Ave,Dallas,FL,33053
Rita Dressler,rita.dressler@yahoo.com,790-425-1939,12508 Main St,San Francisco,GA,69256
Rodolfo Durdan,rodolfo.durdan@hotmail.com,660-411-8707,57444 Maple St,Seattle,GA,25519
Angela Dulin,angela.dulin@example.com,487-325-4896,20895 Maple St,New York,NY,51640
Allen Zaczek,allen.zaczek@example.com,467-203-3365,18982 Elm St,Atlanta,IL,69613
Brad Griffiths,brad.griffiths@hotmail.com,167-595-6676,41975 Maple St,Chicago,WA,87426
Scott Roblez,scott.roblez@gmail.com,158-302-4176,59330 Maple St,San Diego,WA,60247
Jose Mullins,jose.mullins@hotmail.com,167-208-4822,90817 Maple St,Los Angeles,WA,11870
Georgia Deleon,georgia.deleon@gmail.com,804-898-8253,68462 Maple St,Seattle,CA,73956
Tracy Scott,tracy.scott@example.com,611-800-7336,84270 Maple St,San Francisco,IL,91934
Gail Gimbel,gail.gimbel@example.com,629-174-2593,50550 Elm St,Miami,FL,95883
Michael Holmes,michael.holmes@example.com,609-141-1182,20726 Main St,Seattle,CA,24518
James Mcdonnell,james.mcdonnell@yahoo.com,153-382-4651,42791 Main St,San Diego,GA,58585
Thomas Irizarry,thomas.irizarry@abc.com,378-858-8307,36725 Elm St,Dallas,NY,42702
Elmer Baker,elmer.baker@yahoo.com,286-221-3850,75965 Maple St,Seattle,NY,13721
Carole Parks,carole.parks@abc.com,953-239-8096,38250 Maple St,Los Angeles,TX,42740
Lester Wilson,lester.wilson@abc.com,262-741-4648,44186 Maple St,New York,NY,40404
Michael Taylor,michael.taylor@test.com,501-486-2584,21326 Main St,Miami,NY,47314
Helen Petillo,helen.petillo@test.com,599-270-1714,52979 Maple St,Seattle,CA,38189
Bobby Brashear,bobby.brashear@test.com,698-504-1948,91755 Main St,San Francisco,FL,48470
James Cleveland,james.cleveland@test.com,880-850-4545,24417 Elm St,Atlanta,NY,95725
Floyd Robles,floyd.robles@hotmail.com,483-778-7022,39627 Maple St,New York,IL,20927
